======================================================================
start 2026-09-23 15:17:58 | experts=3 | batch 8 x 1 = eff 8 | res 512 | lr 0.0001 | grad-ckpt False | cudnn on | tf32 True
no time limit
loading experts (see per-expert lines below)...
Loading pipeline components...:   0%|          | 0/6 [00:00<?, ?it/s]Loading pipeline components...:  33%|███▎      | 2/6 [00:00<00:00, 18.38it/s]Loading pipeline components...: 100%|██████████| 6/6 [00:00<00:00, 26.62it/s]Loading pipeline components...: 100%|██████████| 6/6 [00:00<00:00, 25.46it/s]
You have disabled the safety checker for <class 'diffusers.pipelines.stable_diffusion.pipeline_stable_diffusion.StableDiffusionPipeline'> by passing `safety_checker=None`. Ensure that you abide to the conditions of the Stable Diffusion license and do not expose unfiltered results in services or applications open to the public. Both the diffusers team and Hugging Face strongly recommend to keep the safety filter enabled in all public facing circumstances, disabling it only for use-cases that involve analyzing network behavior or auditing its results. For more information, please have a look at https://github.com/huggingface/diffusers/pull/254 .
  loading expert 1/3: _new_experts/epicrealism.safetensors
/root/autodl-tmp/afa/.venv/lib/python3.12/site-packages/huggingface_hub/file_download.py:1132: FutureWarning: `resume_download` is deprecated and will be removed in version 1.0.0. Downloads always resume when possible. If you want to force a new download, use `force_download=True`.
  warnings.warn(
You have disabled the safety checker for <class 'diffusers.pipelines.stable_diffusion.pipeline_stable_diffusion.StableDiffusionPipeline'> by passing `safety_checker=None`. Ensure that you abide to the conditions of the Stable Diffusion license and do not expose unfiltered results in services or applications open to the public. Both the diffusers team and Hugging Face strongly recommend to keep the safety filter enabled in all public facing circumstances, disabling it only for use-cases that involve analyzing network behavior or auditing its results. For more information, please have a look at https://github.com/huggingface/diffusers/pull/254 .
  loading expert 2/3: _new_experts/majicmix_v6.safetensors
You have disabled the safety checker for <class 'diffusers.pipelines.stable_diffusion.pipeline_stable_diffusion.StableDiffusionPipeline'> by passing `safety_checker=None`. Ensure that you abide to the conditions of the Stable Diffusion license and do not expose unfiltered results in services or applications open to the public. Both the diffusers team and Hugging Face strongly recommend to keep the safety filter enabled in all public facing circumstances, disabling it only for use-cases that involve analyzing network behavior or auditing its results. For more information, please have a look at https://github.com/huggingface/diffusers/pull/254 .
  loading expert 3/3: realistic_vision_v5.1/Realistic_Vision_V5.1.safetensors
You have disabled the safety checker for <class 'diffusers.pipelines.stable_diffusion.pipeline_stable_diffusion.StableDiffusionPipeline'> by passing `safety_checker=None`. Ensure that you abide to the conditions of the Stable Diffusion license and do not expose unfiltered results in services or applications open to the public. Both the diffusers team and Hugging Face strongly recommend to keep the safety filter enabled in all public facing circumstances, disabling it only for use-cases that involve analyzing network behavior or auditing its results. For more information, please have a look at https://github.com/huggingface/diffusers/pull/254 .
load_init done; moving components to cuda...
experts loaded; trainable aggregator params 45.13M; experts: ['epicrealism.safetensors', 'majicmix_v6.safetensors', 'Realistic_Vision_V5.1.safetensors']
Generating train split: 0 examples [00:00, ? examples/s]Generating train split: 10000 examples [00:00, 644692.36 examples/s]
step      0 | eval_loss=0.09587 | expert0_weight=0.333 | |attn-0.5|=0.167  (initialisation)
/root/autodl-tmp/afa/train_paper_setting.py:149: UserWarning: Converting a tensor with requires_grad=True to a scalar may lead to unexpected behavior.
Consider using tensor.detach() first. (Triggered internally at /pytorch/torch/csrc/autograd/generated/python_variable_methods.cpp:835.)
  w0 = float(torch.stack([m.float()[:, 0].mean() for m in attn_maps]).mean())
step     10 | loss=0.18743 w0=0.328 dev=0.167 | EVAL loss=0.09566 w0=0.314 dev=0.167 | 0.75s/step | epoch 0 | 15:19:03
step     20 | loss=0.15762 w0=0.312 dev=0.167 | EVAL loss=0.09475 w0=0.260 dev=0.169 | 0.64s/step | epoch 0 | 15:19:10
step     30 | loss=0.16048 w0=0.286 dev=0.171 | EVAL loss=0.09360 w0=0.188 dev=0.208 | 0.64s/step | epoch 0 | 15:19:16
step     40 | loss=0.16659 w0=0.255 dev=0.188 | EVAL loss=0.09288 w0=0.130 dev=0.286 | 0.64s/step | epoch 0 | 15:19:23
step     50 | loss=0.16326 w0=0.228 dev=0.212 | EVAL loss=0.09250 w0=0.100 dev=0.340 | 0.65s/step | epoch 0 | 15:19:29
step     60 | loss=0.15839 w0=0.205 dev=0.235 | EVAL loss=0.09241 w0=0.078 dev=0.366 | 0.65s/step | epoch 0 | 15:19:36
step     70 | loss=0.15910 w0=0.186 dev=0.254 | EVAL loss=0.09237 w0=0.060 dev=0.390 | 0.65s/step | epoch 0 | 15:19:42
step     80 | loss=0.15678 w0=0.170 dev=0.272 | EVAL loss=0.09235 w0=0.045 dev=0.406 | 0.64s/step | epoch 0 | 15:19:48
step     90 | loss=0.15598 w0=0.156 dev=0.286 | EVAL loss=0.09240 w0=0.040 dev=0.410 | 0.64s/step | epoch 0 | 15:19:55
step    100 | loss=0.15428 w0=0.144 dev=0.299 | EVAL loss=0.09240 w0=0.029 dev=0.423 | 0.64s/step | epoch 0 | 15:20:01
step    110 | loss=0.15823 w0=0.133 dev=0.310 | EVAL loss=0.09237 w0=0.023 dev=0.432 | 0.64s/step | epoch 0 | 15:20:08
step    120 | loss=0.15797 w0=0.125 dev=0.320 | EVAL loss=0.09236 w0=0.019 dev=0.442 | 0.64s/step | epoch 0 | 15:20:14
step    130 | loss=0.15699 w0=0.117 dev=0.329 | EVAL loss=0.09232 w0=0.018 dev=0.440 | 0.64s/step | epoch 0 | 15:20:21
step    140 | loss=0.15903 w0=0.110 dev=0.336 | EVAL loss=0.09226 w0=0.017 dev=0.436 | 0.65s/step | epoch 0 | 15:20:27
step    150 | loss=0.15891 w0=0.104 dev=0.342 | EVAL loss=0.09218 w0=0.014 dev=0.437 | 0.64s/step | epoch 0 | 15:20:34
step    160 | loss=0.16003 w0=0.099 dev=0.348 | EVAL loss=0.09217 w0=0.015 dev=0.435 | 0.66s/step | epoch 0 | 15:20:40
step    170 | loss=0.15925 w0=0.094 dev=0.352 | EVAL loss=0.09216 w0=0.020 dev=0.433 | 0.64s/step | epoch 0 | 15:20:47
step    180 | loss=0.15748 w0=0.090 dev=0.357 | EVAL loss=0.09214 w0=0.013 dev=0.437 | 0.64s/step | epoch 0 | 15:20:53
step    190 | loss=0.15759 w0=0.086 dev=0.361 | EVAL loss=0.09211 w0=0.012 dev=0.438 | 0.64s/step | epoch 0 | 15:21:00
step    200 | loss=0.15684 w0=0.082 dev=0.365 | EVAL loss=0.09204 w0=0.010 dev=0.441 | 0.65s/step | epoch 0 | 15:21:06
step    210 | loss=0.15595 w0=0.079 dev=0.368 | EVAL loss=0.09203 w0=0.009 dev=0.446 | 0.64s/step | epoch 0 | 15:21:12
step    220 | loss=0.15587 w0=0.076 dev=0.371 | EVAL loss=0.09192 w0=0.008 dev=0.446 | 0.65s/step | epoch 0 | 15:21:19
step    230 | loss=0.15604 w0=0.073 dev=0.374 | EVAL loss=0.09192 w0=0.009 dev=0.445 | 0.67s/step | epoch 0 | 15:21:26
step    240 | loss=0.15731 w0=0.071 dev=0.377 | EVAL loss=0.09188 w0=0.010 dev=0.444 | 0.66s/step | epoch 0 | 15:21:32
step    250 | loss=0.15753 w0=0.069 dev=0.379 | EVAL loss=0.09185 w0=0.009 dev=0.447 | 0.67s/step | epoch 0 | 15:21:39
step    260 | loss=0.15888 w0=0.066 dev=0.382 | EVAL loss=0.09179 w0=0.013 dev=0.445 | 0.65s/step | epoch 0 | 15:21:45
step    270 | loss=0.15806 w0=0.064 dev=0.384 | EVAL loss=0.09174 w0=0.007 dev=0.451 | 0.64s/step | epoch 0 | 15:21:52
step    280 | loss=0.15686 w0=0.062 dev=0.387 | EVAL loss=0.09175 w0=0.007 dev=0.454 | 0.64s/step | epoch 0 | 15:21:58
step    290 | loss=0.15749 w0=0.061 dev=0.389 | EVAL loss=0.09177 w0=0.008 dev=0.457 | 0.65s/step | epoch 0 | 15:22:05
step    300 | loss=0.15791 w0=0.059 dev=0.391 | EVAL loss=0.09175 w0=0.008 dev=0.454 | 0.64s/step | epoch 0 | 15:22:11
step    310 | loss=0.15750 w0=0.058 dev=0.393 | EVAL loss=0.09182 w0=0.015 dev=0.450 | 0.64s/step | epoch 0 | 15:22:18
step    320 | loss=0.15746 w0=0.056 dev=0.394 | EVAL loss=0.09174 w0=0.012 dev=0.454 | 0.66s/step | epoch 0 | 15:22:24
step    330 | loss=0.15768 w0=0.055 dev=0.396 | EVAL loss=0.09166 w0=0.007 dev=0.463 | 0.65s/step | epoch 0 | 15:22:31
step    340 | loss=0.15906 w0=0.054 dev=0.398 | EVAL loss=0.09166 w0=0.007 dev=0.463 | 0.65s/step | epoch 0 | 15:22:37
step    350 | loss=0.16010 w0=0.052 dev=0.400 | EVAL loss=0.09164 w0=0.007 dev=0.462 | 0.65s/step | epoch 0 | 15:22:44
step    360 | loss=0.16049 w0=0.051 dev=0.401 | EVAL loss=0.09169 w0=0.007 dev=0.466 | 0.64s/step | epoch 0 | 15:22:50
step    370 | loss=0.16077 w0=0.050 dev=0.403 | EVAL loss=0.09171 w0=0.008 dev=0.464 | 0.65s/step | epoch 0 | 15:22:56
step    380 | loss=0.16108 w0=0.049 dev=0.404 | EVAL loss=0.09166 w0=0.007 dev=0.464 | 0.64s/step | epoch 0 | 15:23:03
step    390 | loss=0.16108 w0=0.048 dev=0.406 | EVAL loss=0.09160 w0=0.007 dev=0.465 | 0.65s/step | epoch 0 | 15:23:09
step    400 | loss=0.16064 w0=0.047 dev=0.407 | EVAL loss=0.09161 w0=0.009 dev=0.460 | 0.65s/step | epoch 0 | 15:23:16
step    410 | loss=0.15996 w0=0.046 dev=0.408 | EVAL loss=0.09155 w0=0.007 dev=0.464 | 0.64s/step | epoch 0 | 15:23:22
step    420 | loss=0.16111 w0=0.045 dev=0.410 | EVAL loss=0.09165 w0=0.006 dev=0.466 | 0.64s/step | epoch 0 | 15:23:29
step    430 | loss=0.16155 w0=0.045 dev=0.411 | EVAL loss=0.09172 w0=0.007 dev=0.467 | 0.64s/step | epoch 0 | 15:23:35
step    440 | loss=0.16118 w0=0.044 dev=0.412 | EVAL loss=0.09175 w0=0.007 dev=0.468 | 0.64s/step | epoch 0 | 15:23:42
step    450 | loss=0.16181 w0=0.043 dev=0.413 | EVAL loss=0.09173 w0=0.011 dev=0.460 | 0.64s/step | epoch 0 | 15:23:48
step    460 | loss=0.16159 w0=0.042 dev=0.414 | EVAL loss=0.09164 w0=0.008 dev=0.464 | 0.64s/step | epoch 0 | 15:23:55
step    470 | loss=0.16219 w0=0.042 dev=0.415 | EVAL loss=0.09151 w0=0.006 dev=0.464 | 0.64s/step | epoch 0 | 15:24:01
step    480 | loss=0.16175 w0=0.041 dev=0.416 | EVAL loss=0.09154 w0=0.006 dev=0.465 | 0.64s/step | epoch 0 | 15:24:07
step    490 | loss=0.16275 w0=0.040 dev=0.417 | EVAL loss=0.09160 w0=0.010 dev=0.461 | 0.64s/step | epoch 0 | 15:24:14
step    500 | loss=0.16248 w0=0.040 dev=0.418 | EVAL loss=0.09163 w0=0.006 dev=0.466 | 0.64s/step | epoch 0 | 15:24:20
  checkpoint saved at step 500 -> /root/autodl-tmp/afa-assets/output/paper_run_group1_10k
step    510 | loss=0.16223 w0=0.039 dev=0.419 | EVAL loss=0.09164 w0=0.007 dev=0.468 | 0.67s/step | epoch 0 | 15:24:27
step    520 | loss=0.16187 w0=0.039 dev=0.420 | EVAL loss=0.09168 w0=0.006 dev=0.467 | 0.64s/step | epoch 0 | 15:24:33
step    530 | loss=0.16218 w0=0.038 dev=0.421 | EVAL loss=0.09164 w0=0.006 dev=0.471 | 0.64s/step | epoch 0 | 15:24:40
step    540 | loss=0.16151 w0=0.038 dev=0.421 | EVAL loss=0.09163 w0=0.006 dev=0.470 | 0.64s/step | epoch 0 | 15:24:46
step    550 | loss=0.16167 w0=0.037 dev=0.422 | EVAL loss=0.09160 w0=0.005 dev=0.468 | 0.64s/step | epoch 0 | 15:24:53
step    560 | loss=0.16082 w0=0.037 dev=0.423 | EVAL loss=0.09156 w0=0.005 dev=0.473 | 0.64s/step | epoch 0 | 15:24:59
step    570 | loss=0.16133 w0=0.036 dev=0.424 | EVAL loss=0.09153 w0=0.006 dev=0.471 | 0.64s/step | epoch 0 | 15:25:06
step    580 | loss=0.16135 w0=0.036 dev=0.424 | EVAL loss=0.09155 w0=0.006 dev=0.468 | 0.64s/step | epoch 0 | 15:25:12
step    590 | loss=0.16083 w0=0.035 dev=0.425 | EVAL loss=0.09153 w0=0.008 dev=0.467 | 0.66s/step | epoch 0 | 15:25:19
step    600 | loss=0.16138 w0=0.035 dev=0.426 | EVAL loss=0.09149 w0=0.004 dev=0.474 | 0.64s/step | epoch 0 | 15:25:25
step    610 | loss=0.16167 w0=0.034 dev=0.427 | EVAL loss=0.09152 w0=0.004 dev=0.472 | 0.64s/step | epoch 0 | 15:25:31
step    620 | loss=0.16139 w0=0.034 dev=0.427 | EVAL loss=0.09157 w0=0.007 dev=0.470 | 0.64s/step | epoch 0 | 15:25:38
step    630 | loss=0.16113 w0=0.034 dev=0.428 | EVAL loss=0.09153 w0=0.010 dev=0.465 | 0.64s/step | epoch 0 | 15:25:44
step    640 | loss=0.16109 w0=0.033 dev=0.428 | EVAL loss=0.09158 w0=0.008 dev=0.464 | 0.64s/step | epoch 0 | 15:25:51
step    650 | loss=0.16147 w0=0.033 dev=0.429 | EVAL loss=0.09155 w0=0.007 dev=0.469 | 0.64s/step | epoch 0 | 15:25:57
step    660 | loss=0.16132 w0=0.032 dev=0.430 | EVAL loss=0.09160 w0=0.007 dev=0.467 | 0.64s/step | epoch 0 | 15:26:04
step    670 | loss=0.16124 w0=0.032 dev=0.430 | EVAL loss=0.09160 w0=0.012 dev=0.461 | 0.65s/step | epoch 0 | 15:26:10
step    680 | loss=0.16189 w0=0.032 dev=0.430 | EVAL loss=0.09159 w0=0.005 dev=0.470 | 0.64s/step | epoch 0 | 15:26:17
step    690 | loss=0.16195 w0=0.032 dev=0.431 | EVAL loss=0.09158 w0=0.005 dev=0.471 | 0.64s/step | epoch 0 | 15:26:23
step    700 | loss=0.16165 w0=0.031 dev=0.432 | EVAL loss=0.09157 w0=0.006 dev=0.470 | 0.64s/step | epoch 0 | 15:26:30
step    710 | loss=0.16194 w0=0.031 dev=0.432 | EVAL loss=0.09154 w0=0.006 dev=0.468 | 0.64s/step | epoch 0 | 15:26:36
step    720 | loss=0.16173 w0=0.031 dev=0.432 | EVAL loss=0.09152 w0=0.007 dev=0.468 | 0.64s/step | epoch 0 | 15:26:42
step    730 | loss=0.16179 w0=0.030 dev=0.433 | EVAL loss=0.09153 w0=0.012 dev=0.463 | 0.64s/step | epoch 0 | 15:26:49
step    740 | loss=0.16154 w0=0.030 dev=0.433 | EVAL loss=0.09158 w0=0.009 dev=0.464 | 0.64s/step | epoch 0 | 15:26:55
step    750 | loss=0.16143 w0=0.030 dev=0.434 | EVAL loss=0.09155 w0=0.013 dev=0.466 | 0.64s/step | epoch 0 | 15:27:02
step    760 | loss=0.16123 w0=0.030 dev=0.434 | EVAL loss=0.09158 w0=0.006 dev=0.470 | 0.64s/step | epoch 0 | 15:27:08
step    770 | loss=0.16069 w0=0.029 dev=0.435 | EVAL loss=0.09155 w0=0.009 dev=0.466 | 0.64s/step | epoch 0 | 15:27:15
step    780 | loss=0.16099 w0=0.029 dev=0.435 | EVAL loss=0.09157 w0=0.016 dev=0.460 | 0.64s/step | epoch 0 | 15:27:21
step    790 | loss=0.16110 w0=0.029 dev=0.435 | EVAL loss=0.09167 w0=0.006 dev=0.469 | 0.64s/step | epoch 0 | 15:27:27
step    800 | loss=0.16125 w0=0.029 dev=0.436 | EVAL loss=0.09170 w0=0.005 dev=0.473 | 0.64s/step | epoch 0 | 15:27:34
step    810 | loss=0.16118 w0=0.028 dev=0.436 | EVAL loss=0.09162 w0=0.007 dev=0.470 | 0.65s/step | epoch 0 | 15:27:40
step    820 | loss=0.16134 w0=0.028 dev=0.437 | EVAL loss=0.09153 w0=0.009 dev=0.468 | 0.64s/step | epoch 0 | 15:27:47
step    830 | loss=0.16110 w0=0.028 dev=0.437 | EVAL loss=0.09150 w0=0.005 dev=0.474 | 0.64s/step | epoch 0 | 15:27:53
step    840 | loss=0.16120 w0=0.028 dev=0.437 | EVAL loss=0.09148 w0=0.005 dev=0.473 | 0.65s/step | epoch 0 | 15:28:00
step    850 | loss=0.16120 w0=0.028 dev=0.438 | EVAL loss=0.09158 w0=0.008 dev=0.471 | 0.65s/step | epoch 0 | 15:28:06
step    860 | loss=0.16111 w0=0.027 dev=0.438 | EVAL loss=0.09159 w0=0.009 dev=0.469 | 0.65s/step | epoch 0 | 15:28:13
step    870 | loss=0.16126 w0=0.027 dev=0.438 | EVAL loss=0.09160 w0=0.012 dev=0.468 | 0.64s/step | epoch 0 | 15:28:19
step    880 | loss=0.16116 w0=0.027 dev=0.439 | EVAL loss=0.09164 w0=0.005 dev=0.473 | 0.65s/step | epoch 0 | 15:28:26
step    890 | loss=0.16071 w0=0.027 dev=0.439 | EVAL loss=0.09157 w0=0.004 dev=0.474 | 0.65s/step | epoch 0 | 15:28:32
step    900 | loss=0.16048 w0=0.027 dev=0.439 | EVAL loss=0.09154 w0=0.004 dev=0.475 | 0.64s/step | epoch 0 | 15:28:38
step    910 | loss=0.16025 w0=0.026 dev=0.440 | EVAL loss=0.09161 w0=0.005 dev=0.474 | 0.65s/step | epoch 0 | 15:28:45
step    920 | loss=0.16047 w0=0.026 dev=0.440 | EVAL loss=0.09153 w0=0.007 dev=0.475 | 0.65s/step | epoch 0 | 15:28:51
step    930 | loss=0.16053 w0=0.026 dev=0.440 | EVAL loss=0.09155 w0=0.010 dev=0.469 | 0.65s/step | epoch 0 | 15:28:58
step    940 | loss=0.16038 w0=0.026 dev=0.441 | EVAL loss=0.09158 w0=0.010 dev=0.469 | 0.65s/step | epoch 0 | 15:29:04
step    950 | loss=0.16020 w0=0.026 dev=0.441 | EVAL loss=0.09161 w0=0.006 dev=0.473 | 0.66s/step | epoch 0 | 15:29:11
step    960 | loss=0.15987 w0=0.026 dev=0.441 | EVAL loss=0.09159 w0=0.006 dev=0.473 | 0.65s/step | epoch 0 | 15:29:17
step    970 | loss=0.15976 w0=0.025 dev=0.442 | EVAL loss=0.09152 w0=0.011 dev=0.469 | 0.64s/step | epoch 0 | 15:29:24
step    980 | loss=0.15976 w0=0.025 dev=0.442 | EVAL loss=0.09151 w0=0.008 dev=0.471 | 0.65s/step | epoch 0 | 15:29:30
step    990 | loss=0.15981 w0=0.025 dev=0.442 | EVAL loss=0.09148 w0=0.008 dev=0.474 | 0.65s/step | epoch 0 | 15:29:37
step   1000 | loss=0.15976 w0=0.025 dev=0.443 | EVAL loss=0.09150 w0=0.008 dev=0.473 | 0.65s/step | epoch 0 | 15:29:43
  checkpoint saved at step 1000 -> /root/autodl-tmp/afa-assets/output/paper_run_group1_10k
step   1010 | loss=0.15963 w0=0.025 dev=0.443 | EVAL loss=0.09153 w0=0.008 dev=0.474 | 0.68s/step | epoch 0 | 15:29:50
step   1020 | loss=0.15981 w0=0.025 dev=0.443 | EVAL loss=0.09146 w0=0.005 dev=0.477 | 0.65s/step | epoch 0 | 15:29:57
step   1030 | loss=0.15996 w0=0.025 dev=0.443 | EVAL loss=0.09145 w0=0.006 dev=0.476 | 0.65s/step | epoch 0 | 15:30:03
step   1040 | loss=0.15965 w0=0.024 dev=0.444 | EVAL loss=0.09152 w0=0.007 dev=0.473 | 0.65s/step | epoch 0 | 15:30:10
step   1050 | loss=0.15937 w0=0.024 dev=0.444 | EVAL loss=0.09157 w0=0.011 dev=0.469 | 0.65s/step | epoch 0 | 15:30:16
step   1060 | loss=0.15931 w0=0.024 dev=0.444 | EVAL loss=0.09159 w0=0.012 dev=0.467 | 0.65s/step | epoch 0 | 15:30:23
step   1070 | loss=0.15948 w0=0.024 dev=0.444 | EVAL loss=0.09162 w0=0.010 dev=0.470 | 0.65s/step | epoch 0 | 15:30:29
step   1080 | loss=0.15940 w0=0.024 dev=0.445 | EVAL loss=0.09163 w0=0.006 dev=0.475 | 0.65s/step | epoch 0 | 15:30:35
step   1090 | loss=0.15903 w0=0.024 dev=0.445 | EVAL loss=0.09159 w0=0.006 dev=0.474 | 0.65s/step | epoch 0 | 15:30:42
step   1100 | loss=0.15912 w0=0.024 dev=0.445 | EVAL loss=0.09157 w0=0.010 dev=0.472 | 0.65s/step | epoch 0 | 15:30:48
step   1110 | loss=0.15912 w0=0.024 dev=0.445 | EVAL loss=0.09157 w0=0.010 dev=0.473 | 0.66s/step | epoch 0 | 15:30:55
step   1120 | loss=0.15906 w0=0.023 dev=0.446 | EVAL loss=0.09158 w0=0.012 dev=0.471 | 0.65s/step | epoch 0 | 15:31:01
step   1130 | loss=0.15866 w0=0.023 dev=0.446 | EVAL loss=0.09153 w0=0.011 dev=0.471 | 0.65s/step | epoch 0 | 15:31:08
step   1140 | loss=0.15850 w0=0.023 dev=0.446 | EVAL loss=0.09157 w0=0.007 dev=0.476 | 0.66s/step | epoch 0 | 15:31:15
step   1150 | loss=0.15870 w0=0.023 dev=0.446 | EVAL loss=0.09162 w0=0.006 dev=0.476 | 0.66s/step | epoch 0 | 15:31:21
step   1160 | loss=0.15856 w0=0.023 dev=0.447 | EVAL loss=0.09154 w0=0.009 dev=0.473 | 0.66s/step | epoch 0 | 15:31:28
step   1170 | loss=0.15838 w0=0.023 dev=0.447 | EVAL loss=0.09147 w0=0.016 dev=0.468 | 0.66s/step | epoch 0 | 15:31:34
step   1180 | loss=0.15837 w0=0.023 dev=0.447 | EVAL loss=0.09144 w0=0.012 dev=0.473 | 0.66s/step | epoch 0 | 15:31:41
step   1190 | loss=0.15827 w0=0.023 dev=0.447 | EVAL loss=0.09148 w0=0.007 dev=0.477 | 0.65s/step | epoch 0 | 15:31:47
step   1200 | loss=0.15846 w0=0.023 dev=0.448 | EVAL loss=0.09161 w0=0.005 dev=0.479 | 0.67s/step | epoch 0 | 15:31:54
step   1210 | loss=0.15829 w0=0.023 dev=0.448 | EVAL loss=0.09157 w0=0.009 dev=0.476 | 0.69s/step | epoch 0 | 15:32:01
step   1220 | loss=0.15808 w0=0.022 dev=0.448 | EVAL loss=0.09156 w0=0.010 dev=0.476 | 0.67s/step | epoch 0 | 15:32:08
step   1230 | loss=0.15839 w0=0.022 dev=0.448 | EVAL loss=0.09154 w0=0.008 dev=0.476 | 0.67s/step | epoch 0 | 15:32:14
step   1240 | loss=0.15819 w0=0.022 dev=0.448 | EVAL loss=0.09149 w0=0.010 dev=0.474 | 0.66s/step | epoch 0 | 15:32:21
step   1250 | loss=0.15827 w0=0.022 dev=0.449 | EVAL loss=0.09149 w0=0.009 dev=0.476 | 0.65s/step | epoch 0 | 15:32:27
step   1260 | loss=0.15823 w0=0.022 dev=0.449 | EVAL loss=0.09157 w0=0.007 dev=0.478 | 0.86s/step | epoch 1 | 15:32:36
step   1270 | loss=0.15838 w0=0.022 dev=0.449 | EVAL loss=0.09162 w0=0.008 dev=0.477 | 0.65s/step | epoch 1 | 15:32:42
step   1280 | loss=0.15826 w0=0.022 dev=0.449 | EVAL loss=0.09161 w0=0.009 dev=0.476 | 0.65s/step | epoch 1 | 15:32:49
step   1290 | loss=0.15789 w0=0.022 dev=0.449 | EVAL loss=0.09156 w0=0.011 dev=0.475 | 0.65s/step | epoch 1 | 15:32:55
step   1300 | loss=0.15787 w0=0.022 dev=0.450 | EVAL loss=0.09155 w0=0.014 dev=0.473 | 0.65s/step | epoch 1 | 15:33:02
step   1310 | loss=0.15792 w0=0.022 dev=0.450 | EVAL loss=0.09156 w0=0.012 dev=0.475 | 0.65s/step | epoch 1 | 15:33:08
step   1320 | loss=0.15803 w0=0.022 dev=0.450 | EVAL loss=0.09148 w0=0.009 dev=0.478 | 0.65s/step | epoch 1 | 15:33:15
step   1330 | loss=0.15810 w0=0.021 dev=0.450 | EVAL loss=0.09160 w0=0.008 dev=0.479 | 0.65s/step | epoch 1 | 15:33:21
step   1340 | loss=0.15816 w0=0.021 dev=0.450 | EVAL loss=0.09156 w0=0.010 dev=0.476 | 0.65s/step | epoch 1 | 15:33:28
step   1350 | loss=0.15821 w0=0.021 dev=0.450 | EVAL loss=0.09152 w0=0.011 dev=0.475 | 0.66s/step | epoch 1 | 15:33:34
step   1360 | loss=0.15823 w0=0.021 dev=0.451 | EVAL loss=0.09157 w0=0.009 dev=0.477 | 0.65s/step | epoch 1 | 15:33:41
step   1370 | loss=0.15834 w0=0.021 dev=0.451 | EVAL loss=0.09160 w0=0.009 dev=0.477 | 0.65s/step | epoch 1 | 15:33:47
step   1380 | loss=0.15825 w0=0.021 dev=0.451 | EVAL loss=0.09156 w0=0.007 dev=0.479 | 0.65s/step | epoch 1 | 15:33:54
step   1390 | loss=0.15839 w0=0.021 dev=0.451 | EVAL loss=0.09156 w0=0.007 dev=0.480 | 0.65s/step | epoch 1 | 15:34:00
step   1400 | loss=0.15834 w0=0.021 dev=0.451 | EVAL loss=0.09158 w0=0.007 dev=0.479 | 0.65s/step | epoch 1 | 15:34:07
step   1410 | loss=0.15836 w0=0.021 dev=0.452 | EVAL loss=0.09160 w0=0.009 dev=0.477 | 0.65s/step | epoch 1 | 15:34:13
step   1420 | loss=0.15835 w0=0.021 dev=0.452 | EVAL loss=0.09155 w0=0.011 dev=0.476 | 0.65s/step | epoch 1 | 15:34:20
step   1430 | loss=0.15821 w0=0.021 dev=0.452 | EVAL loss=0.09154 w0=0.010 dev=0.477 | 0.65s/step | epoch 1 | 15:34:26
step   1440 | loss=0.15818 w0=0.021 dev=0.452 | EVAL loss=0.09150 w0=0.008 dev=0.479 | 0.65s/step | epoch 1 | 15:34:33
step   1450 | loss=0.15807 w0=0.021 dev=0.452 | EVAL loss=0.09151 w0=0.006 dev=0.481 | 0.65s/step | epoch 1 | 15:34:39
step   1460 | loss=0.15823 w0=0.020 dev=0.452 | EVAL loss=0.09153 w0=0.009 dev=0.478 | 0.65s/step | epoch 1 | 15:34:46
step   1470 | loss=0.15825 w0=0.020 dev=0.452 | EVAL loss=0.09150 w0=0.008 dev=0.478 | 0.65s/step | epoch 1 | 15:34:52
step   1480 | loss=0.15827 w0=0.020 dev=0.453 | EVAL loss=0.09148 w0=0.007 dev=0.479 | 0.65s/step | epoch 1 | 15:34:59
step   1490 | loss=0.15851 w0=0.020 dev=0.453 | EVAL loss=0.09148 w0=0.009 dev=0.475 | 0.65s/step | epoch 1 | 15:35:05
step   1500 | loss=0.15861 w0=0.020 dev=0.453 | EVAL loss=0.09152 w0=0.012 dev=0.472 | 0.65s/step | epoch 1 | 15:35:12
  checkpoint saved at step 1500 -> /root/autodl-tmp/afa-assets/output/paper_run_group1_10k
step   1510 | loss=0.15882 w0=0.020 dev=0.453 | EVAL loss=0.09150 w0=0.010 dev=0.475 | 0.68s/step | epoch 1 | 15:35:18
step   1520 | loss=0.15892 w0=0.020 dev=0.453 | EVAL loss=0.09147 w0=0.007 dev=0.478 | 0.65s/step | epoch 1 | 15:35:25
step   1530 | loss=0.15886 w0=0.020 dev=0.453 | EVAL loss=0.09146 w0=0.008 dev=0.478 | 0.65s/step | epoch 1 | 15:35:31
step   1540 | loss=0.15891 w0=0.020 dev=0.454 | EVAL loss=0.09156 w0=0.007 dev=0.478 | 0.65s/step | epoch 1 | 15:35:38
step   1550 | loss=0.15902 w0=0.020 dev=0.454 | EVAL loss=0.09164 w0=0.007 dev=0.478 | 0.65s/step | epoch 1 | 15:35:44
step   1560 | loss=0.15901 w0=0.020 dev=0.454 | EVAL loss=0.09168 w0=0.007 dev=0.477 | 0.65s/step | epoch 1 | 15:35:51
step   1570 | loss=0.15902 w0=0.020 dev=0.454 | EVAL loss=0.09168 w0=0.007 dev=0.477 | 0.65s/step | epoch 1 | 15:35:57
step   1580 | loss=0.15899 w0=0.020 dev=0.454 | EVAL loss=0.09162 w0=0.009 dev=0.477 | 0.65s/step | epoch 1 | 15:36:04
step   1590 | loss=0.15893 w0=0.020 dev=0.454 | EVAL loss=0.09161 w0=0.009 dev=0.477 | 0.65s/step | epoch 1 | 15:36:10
step   1600 | loss=0.15884 w0=0.020 dev=0.454 | EVAL loss=0.09161 w0=0.009 dev=0.477 | 0.65s/step | epoch 1 | 15:36:17
step   1610 | loss=0.15867 w0=0.019 dev=0.454 | EVAL loss=0.09156 w0=0.008 dev=0.479 | 0.65s/step | epoch 1 | 15:36:23
step   1620 | loss=0.15897 w0=0.019 dev=0.455 | EVAL loss=0.09158 w0=0.008 dev=0.479 | 0.65s/step | epoch 1 | 15:36:30
step   1630 | loss=0.15890 w0=0.019 dev=0.455 | EVAL loss=0.09155 w0=0.008 dev=0.478 | 0.65s/step | epoch 1 | 15:36:36
step   1640 | loss=0.15904 w0=0.019 dev=0.455 | EVAL loss=0.09157 w0=0.007 dev=0.479 | 0.66s/step | epoch 1 | 15:36:43
step   1650 | loss=0.15885 w0=0.019 dev=0.455 | EVAL loss=0.09163 w0=0.007 dev=0.479 | 0.65s/step | epoch 1 | 15:36:49
step   1660 | loss=0.15889 w0=0.019 dev=0.455 | EVAL loss=0.09163 w0=0.007 dev=0.479 | 0.65s/step | epoch 1 | 15:36:56
step   1670 | loss=0.15887 w0=0.019 dev=0.455 | EVAL loss=0.09157 w0=0.007 dev=0.479 | 0.65s/step | epoch 1 | 15:37:02
step   1680 | loss=0.15889 w0=0.019 dev=0.455 | EVAL loss=0.09155 w0=0.008 dev=0.478 | 0.65s/step | epoch 1 | 15:37:09
step   1690 | loss=0.15868 w0=0.019 dev=0.455 | EVAL loss=0.09155 w0=0.009 dev=0.477 | 0.65s/step | epoch 1 | 15:37:15
step   1700 | loss=0.15857 w0=0.019 dev=0.456 | EVAL loss=0.09151 w0=0.010 dev=0.478 | 0.65s/step | epoch 1 | 15:37:22
step   1710 | loss=0.15854 w0=0.019 dev=0.456 | EVAL loss=0.09150 w0=0.009 dev=0.478 | 0.65s/step | epoch 1 | 15:37:28
step   1720 | loss=0.15856 w0=0.019 dev=0.456 | EVAL loss=0.09149 w0=0.008 dev=0.479 | 0.65s/step | epoch 1 | 15:37:35
step   1730 | loss=0.15845 w0=0.019 dev=0.456 | EVAL loss=0.09146 w0=0.010 dev=0.476 | 0.65s/step | epoch 1 | 15:37:41
step   1740 | loss=0.15841 w0=0.019 dev=0.456 | EVAL loss=0.09146 w0=0.009 dev=0.477 | 0.65s/step | epoch 1 | 15:37:48
step   1750 | loss=0.15860 w0=0.019 dev=0.456 | EVAL loss=0.09144 w0=0.010 dev=0.476 | 0.65s/step | epoch 1 | 15:37:54
step   1760 | loss=0.15855 w0=0.019 dev=0.456 | EVAL loss=0.09138 w0=0.008 dev=0.479 | 0.65s/step | epoch 1 | 15:38:01
step   1770 | loss=0.15866 w0=0.019 dev=0.456 | EVAL loss=0.09139 w0=0.006 dev=0.481 | 0.65s/step | epoch 1 | 15:38:07
step   1780 | loss=0.15871 w0=0.019 dev=0.457 | EVAL loss=0.09145 w0=0.008 dev=0.479 | 0.65s/step | epoch 1 | 15:38:14
step   1790 | loss=0.15854 w0=0.019 dev=0.457 | EVAL loss=0.09144 w0=0.009 dev=0.479 | 0.65s/step | epoch 1 | 15:38:20
step   1800 | loss=0.15842 w0=0.019 dev=0.457 | EVAL loss=0.09143 w0=0.009 dev=0.478 | 0.66s/step | epoch 1 | 15:38:27
step   1810 | loss=0.15850 w0=0.019 dev=0.457 | EVAL loss=0.09145 w0=0.007 dev=0.479 | 0.65s/step | epoch 1 | 15:38:33
step   1820 | loss=0.15846 w0=0.018 dev=0.457 | EVAL loss=0.09140 w0=0.008 dev=0.479 | 0.65s/step | epoch 1 | 15:38:40
step   1830 | loss=0.15847 w0=0.018 dev=0.457 | EVAL loss=0.09135 w0=0.008 dev=0.480 | 0.65s/step | epoch 1 | 15:38:46
step   1840 | loss=0.15858 w0=0.018 dev=0.457 | EVAL loss=0.09136 w0=0.007 dev=0.481 | 0.65s/step | epoch 1 | 15:38:53
step   1850 | loss=0.15847 w0=0.018 dev=0.457 | EVAL loss=0.09147 w0=0.007 dev=0.482 | 0.65s/step | epoch 1 | 15:38:59
step   1860 | loss=0.15837 w0=0.018 dev=0.457 | EVAL loss=0.09146 w0=0.011 dev=0.478 | 0.65s/step | epoch 1 | 15:39:06
step   1870 | loss=0.15832 w0=0.018 dev=0.458 | EVAL loss=0.09148 w0=0.010 dev=0.478 | 0.66s/step | epoch 1 | 15:39:12
step   1880 | loss=0.15849 w0=0.018 dev=0.458 | EVAL loss=0.09145 w0=0.007 dev=0.479 | 0.65s/step | epoch 1 | 15:39:19
step   1890 | loss=0.15852 w0=0.018 dev=0.458 | EVAL loss=0.09145 w0=0.007 dev=0.480 | 0.65s/step | epoch 1 | 15:39:25
step   1900 | loss=0.15852 w0=0.018 dev=0.458 | EVAL loss=0.09141 w0=0.007 dev=0.479 | 0.65s/step | epoch 1 | 15:39:32
step   1910 | loss=0.15846 w0=0.018 dev=0.458 | EVAL loss=0.09139 w0=0.007 dev=0.480 | 0.65s/step | epoch 1 | 15:39:38
step   1920 | loss=0.15845 w0=0.018 dev=0.458 | EVAL loss=0.09140 w0=0.008 dev=0.480 | 0.65s/step | epoch 1 | 15:39:45
step   1930 | loss=0.15844 w0=0.018 dev=0.458 | EVAL loss=0.09141 w0=0.009 dev=0.479 | 0.65s/step | epoch 1 | 15:39:51
step   1940 | loss=0.15835 w0=0.018 dev=0.458 | EVAL loss=0.09137 w0=0.009 dev=0.479 | 0.64s/step | epoch 1 | 15:39:58
step   1950 | loss=0.15821 w0=0.018 dev=0.458 | EVAL loss=0.09143 w0=0.007 dev=0.480 | 0.64s/step | epoch 1 | 15:40:04
step   1960 | loss=0.15831 w0=0.018 dev=0.458 | EVAL loss=0.09143 w0=0.009 dev=0.480 | 0.65s/step | epoch 1 | 15:40:10
step   1970 | loss=0.15834 w0=0.018 dev=0.458 | EVAL loss=0.09147 w0=0.006 dev=0.483 | 0.65s/step | epoch 1 | 15:40:17
step   1980 | loss=0.15833 w0=0.018 dev=0.459 | EVAL loss=0.09146 w0=0.006 dev=0.482 | 0.64s/step | epoch 1 | 15:40:23
step   1990 | loss=0.15831 w0=0.018 dev=0.459 | EVAL loss=0.09145 w0=0.006 dev=0.482 | 0.65s/step | epoch 1 | 15:40:30
step   2000 | loss=0.15847 w0=0.018 dev=0.459 | EVAL loss=0.09147 w0=0.007 dev=0.480 | 0.65s/step | epoch 1 | 15:40:36
  checkpoint saved at step 2000 -> /root/autodl-tmp/afa-assets/output/paper_run_group1_10k
step   2010 | loss=0.15841 w0=0.018 dev=0.459 | EVAL loss=0.09146 w0=0.011 dev=0.478 | 0.69s/step | epoch 1 | 15:40:43
step   2020 | loss=0.15859 w0=0.018 dev=0.459 | EVAL loss=0.09140 w0=0.012 dev=0.478 | 0.65s/step | epoch 1 | 15:40:50
step   2030 | loss=0.15862 w0=0.018 dev=0.459 | EVAL loss=0.09138 w0=0.008 dev=0.480 | 0.65s/step | epoch 1 | 15:40:56
step   2040 | loss=0.15863 w0=0.018 dev=0.459 | EVAL loss=0.09141 w0=0.006 dev=0.482 | 0.65s/step | epoch 1 | 15:41:03
step   2050 | loss=0.15858 w0=0.018 dev=0.459 | EVAL loss=0.09141 w0=0.008 dev=0.480 | 0.65s/step | epoch 1 | 15:41:09
step   2060 | loss=0.15867 w0=0.018 dev=0.459 | EVAL loss=0.09139 w0=0.007 dev=0.481 | 0.64s/step | epoch 1 | 15:41:15
step   2070 | loss=0.15870 w0=0.018 dev=0.459 | EVAL loss=0.09136 w0=0.009 dev=0.479 | 0.65s/step | epoch 1 | 15:41:22
step   2080 | loss=0.15859 w0=0.018 dev=0.459 | EVAL loss=0.09135 w0=0.009 dev=0.478 | 0.65s/step | epoch 1 | 15:41:28
step   2090 | loss=0.15865 w0=0.018 dev=0.460 | EVAL loss=0.09139 w0=0.006 dev=0.482 | 0.65s/step | epoch 1 | 15:41:35
step   2100 | loss=0.15855 w0=0.017 dev=0.460 | EVAL loss=0.09140 w0=0.006 dev=0.483 | 0.65s/step | epoch 1 | 15:41:41
step   2110 | loss=0.15864 w0=0.017 dev=0.460 | EVAL loss=0.09142 w0=0.006 dev=0.482 | 0.65s/step | epoch 1 | 15:41:48
step   2120 | loss=0.15867 w0=0.017 dev=0.460 | EVAL loss=0.09140 w0=0.009 dev=0.480 | 0.65s/step | epoch 1 | 15:41:54
step   2130 | loss=0.15856 w0=0.017 dev=0.460 | EVAL loss=0.09144 w0=0.006 dev=0.483 | 0.65s/step | epoch 1 | 15:42:01
step   2140 | loss=0.15854 w0=0.017 dev=0.460 | EVAL loss=0.09145 w0=0.006 dev=0.482 | 0.66s/step | epoch 1 | 15:42:07
step   2150 | loss=0.15856 w0=0.017 dev=0.460 | EVAL loss=0.09143 w0=0.008 dev=0.481 | 0.68s/step | epoch 1 | 15:42:14
step   2160 | loss=0.15851 w0=0.017 dev=0.460 | EVAL loss=0.09144 w0=0.011 dev=0.477 | 0.67s/step | epoch 1 | 15:42:21
step   2170 | loss=0.15845 w0=0.017 dev=0.460 | EVAL loss=0.09144 w0=0.010 dev=0.479 | 0.67s/step | epoch 1 | 15:42:28
step   2180 | loss=0.15849 w0=0.017 dev=0.460 | EVAL loss=0.09141 w0=0.009 dev=0.480 | 0.66s/step | epoch 1 | 15:42:34
step   2190 | loss=0.15851 w0=0.017 dev=0.460 | EVAL loss=0.09146 w0=0.008 dev=0.481 | 0.65s/step | epoch 1 | 15:42:41
step   2200 | loss=0.15853 w0=0.017 dev=0.460 | EVAL loss=0.09143 w0=0.008 dev=0.482 | 0.65s/step | epoch 1 | 15:42:47
step   2210 | loss=0.15854 w0=0.017 dev=0.461 | EVAL loss=0.09135 w0=0.010 dev=0.481 | 0.65s/step | epoch 1 | 15:42:53
step   2220 | loss=0.15841 w0=0.017 dev=0.461 | EVAL loss=0.09135 w0=0.010 dev=0.482 | 0.65s/step | epoch 1 | 15:43:00
step   2230 | loss=0.15829 w0=0.017 dev=0.461 | EVAL loss=0.09136 w0=0.009 dev=0.483 | 0.64s/step | epoch 1 | 15:43:06
step   2240 | loss=0.15826 w0=0.017 dev=0.461 | EVAL loss=0.09134 w0=0.011 dev=0.480 | 0.65s/step | epoch 1 | 15:43:13
step   2250 | loss=0.15814 w0=0.017 dev=0.461 | EVAL loss=0.09137 w0=0.011 dev=0.479 | 0.64s/step | epoch 1 | 15:43:19
step   2260 | loss=0.15829 w0=0.017 dev=0.461 | EVAL loss=0.09138 w0=0.010 dev=0.480 | 0.65s/step | epoch 1 | 15:43:26
step   2270 | loss=0.15834 w0=0.017 dev=0.461 | EVAL loss=0.09140 w0=0.008 dev=0.481 | 0.65s/step | epoch 1 | 15:43:32
step   2280 | loss=0.15831 w0=0.017 dev=0.461 | EVAL loss=0.09139 w0=0.007 dev=0.483 | 0.65s/step | epoch 1 | 15:43:39
step   2290 | loss=0.15819 w0=0.017 dev=0.461 | EVAL loss=0.09138 w0=0.006 dev=0.484 | 0.65s/step | epoch 1 | 15:43:45
step   2300 | loss=0.15825 w0=0.017 dev=0.461 | EVAL loss=0.09135 w0=0.007 dev=0.483 | 0.65s/step | epoch 1 | 15:43:52
step   2310 | loss=0.15823 w0=0.017 dev=0.461 | EVAL loss=0.09135 w0=0.009 dev=0.481 | 0.65s/step | epoch 1 | 15:43:58
step   2320 | loss=0.15831 w0=0.017 dev=0.461 | EVAL loss=0.09135 w0=0.008 dev=0.482 | 0.65s/step | epoch 1 | 15:44:05
step   2330 | loss=0.15837 w0=0.017 dev=0.461 | EVAL loss=0.09140 w0=0.008 dev=0.481 | 0.65s/step | epoch 1 | 15:44:11
step   2340 | loss=0.15832 w0=0.017 dev=0.462 | EVAL loss=0.09141 w0=0.011 dev=0.478 | 0.65s/step | epoch 1 | 15:44:18
step   2350 | loss=0.15840 w0=0.017 dev=0.462 | EVAL loss=0.09138 w0=0.012 dev=0.478 | 0.65s/step | epoch 1 | 15:44:24
step   2360 | loss=0.15827 w0=0.017 dev=0.462 | EVAL loss=0.09140 w0=0.010 dev=0.480 | 0.65s/step | epoch 1 | 15:44:30
step   2370 | loss=0.15811 w0=0.017 dev=0.462 | EVAL loss=0.09141 w0=0.009 dev=0.481 | 0.65s/step | epoch 1 | 15:44:37
step   2380 | loss=0.15811 w0=0.017 dev=0.462 | EVAL loss=0.09141 w0=0.009 dev=0.481 | 0.65s/step | epoch 1 | 15:44:43
step   2390 | loss=0.15802 w0=0.017 dev=0.462 | EVAL loss=0.09137 w0=0.008 dev=0.483 | 0.64s/step | epoch 1 | 15:44:50
step   2400 | loss=0.15815 w0=0.017 dev=0.462 | EVAL loss=0.09139 w0=0.006 dev=0.485 | 0.64s/step | epoch 1 | 15:44:56
step   2410 | loss=0.15820 w0=0.017 dev=0.462 | EVAL loss=0.09138 w0=0.008 dev=0.482 | 0.65s/step | epoch 1 | 15:45:03
step   2420 | loss=0.15826 w0=0.017 dev=0.462 | EVAL loss=0.09140 w0=0.012 dev=0.479 | 0.66s/step | epoch 1 | 15:45:09
step   2430 | loss=0.15840 w0=0.017 dev=0.462 | EVAL loss=0.09140 w0=0.016 dev=0.477 | 0.64s/step | epoch 1 | 15:45:16
step   2440 | loss=0.15850 w0=0.017 dev=0.462 | EVAL loss=0.09141 w0=0.021 dev=0.475 | 0.65s/step | epoch 1 | 15:45:22
step   2450 | loss=0.15846 w0=0.017 dev=0.462 | EVAL loss=0.09138 w0=0.010 dev=0.480 | 0.65s/step | epoch 1 | 15:45:29
step   2460 | loss=0.15836 w0=0.017 dev=0.462 | EVAL loss=0.09141 w0=0.010 dev=0.480 | 0.65s/step | epoch 1 | 15:45:35
step   2470 | loss=0.15831 w0=0.016 dev=0.462 | EVAL loss=0.09144 w0=0.010 dev=0.480 | 0.65s/step | epoch 1 | 15:45:42
step   2480 | loss=0.15829 w0=0.016 dev=0.463 | EVAL loss=0.09152 w0=0.009 dev=0.480 | 0.65s/step | epoch 1 | 15:45:48
step   2490 | loss=0.15820 w0=0.016 dev=0.463 | EVAL loss=0.09152 w0=0.011 dev=0.478 | 0.64s/step | epoch 1 | 15:45:55
step   2500 | loss=0.15833 w0=0.016 dev=0.463 | EVAL loss=0.09149 w0=0.008 dev=0.481 | 0.65s/step | epoch 1 | 15:46:01
  checkpoint saved at step 2500 -> /root/autodl-tmp/afa-assets/output/paper_run_group1_10k
step   2510 | loss=0.15825 w0=0.016 dev=0.463 | EVAL loss=0.09148 w0=0.009 dev=0.481 | 0.87s/step | epoch 2 | 15:46:10
step   2520 | loss=0.15803 w0=0.016 dev=0.463 | EVAL loss=0.09155 w0=0.010 dev=0.480 | 0.65s/step | epoch 2 | 15:46:16
step   2530 | loss=0.15804 w0=0.016 dev=0.463 | EVAL loss=0.09160 w0=0.007 dev=0.483 | 0.64s/step | epoch 2 | 15:46:23
step   2540 | loss=0.15807 w0=0.016 dev=0.463 | EVAL loss=0.09159 w0=0.005 dev=0.484 | 0.65s/step | epoch 2 | 15:46:29
step   2550 | loss=0.15820 w0=0.016 dev=0.463 | EVAL loss=0.09158 w0=0.008 dev=0.480 | 0.65s/step | epoch 2 | 15:46:35
step   2560 | loss=0.15820 w0=0.016 dev=0.463 | EVAL loss=0.09164 w0=0.010 dev=0.479 | 0.65s/step | epoch 2 | 15:46:42
step   2570 | loss=0.15821 w0=0.016 dev=0.463 | EVAL loss=0.09161 w0=0.009 dev=0.480 | 0.65s/step | epoch 2 | 15:46:48
step   2580 | loss=0.15817 w0=0.016 dev=0.463 | EVAL loss=0.09154 w0=0.010 dev=0.480 | 0.66s/step | epoch 2 | 15:46:55
step   2590 | loss=0.15818 w0=0.016 dev=0.463 | EVAL loss=0.09152 w0=0.011 dev=0.480 | 0.65s/step | epoch 2 | 15:47:01
step   2600 | loss=0.15816 w0=0.016 dev=0.463 | EVAL loss=0.09153 w0=0.009 dev=0.482 | 0.66s/step | epoch 2 | 15:47:08
step   2610 | loss=0.15818 w0=0.016 dev=0.463 | EVAL loss=0.09154 w0=0.010 dev=0.483 | 0.66s/step | epoch 2 | 15:47:15
step   2620 | loss=0.15816 w0=0.016 dev=0.463 | EVAL loss=0.09151 w0=0.011 dev=0.481 | 0.67s/step | epoch 2 | 15:47:21
step   2630 | loss=0.15812 w0=0.016 dev=0.463 | EVAL loss=0.09152 w0=0.010 dev=0.482 | 0.65s/step | epoch 2 | 15:47:28
step   2640 | loss=0.15825 w0=0.016 dev=0.464 | EVAL loss=0.09151 w0=0.009 dev=0.483 | 0.64s/step | epoch 2 | 15:47:34
step   2650 | loss=0.15838 w0=0.016 dev=0.464 | EVAL loss=0.09149 w0=0.008 dev=0.484 | 0.65s/step | epoch 2 | 15:47:41
step   2660 | loss=0.15829 w0=0.016 dev=0.464 | EVAL loss=0.09152 w0=0.007 dev=0.484 | 0.65s/step | epoch 2 | 15:47:47
step   2670 | loss=0.15835 w0=0.016 dev=0.464 | EVAL loss=0.09148 w0=0.011 dev=0.480 | 0.64s/step | epoch 2 | 15:47:54
step   2680 | loss=0.15827 w0=0.016 dev=0.464 | EVAL loss=0.09151 w0=0.014 dev=0.478 | 0.64s/step | epoch 2 | 15:48:00
step   2690 | loss=0.15834 w0=0.016 dev=0.464 | EVAL loss=0.09155 w0=0.008 dev=0.484 | 0.65s/step | epoch 2 | 15:48:07
step   2700 | loss=0.15833 w0=0.016 dev=0.464 | EVAL loss=0.09151 w0=0.007 dev=0.484 | 0.65s/step | epoch 2 | 15:48:13
step   2710 | loss=0.15840 w0=0.016 dev=0.464 | EVAL loss=0.09152 w0=0.009 dev=0.483 | 0.65s/step | epoch 2 | 15:48:20
step   2720 | loss=0.15848 w0=0.016 dev=0.464 | EVAL loss=0.09153 w0=0.011 dev=0.481 | 0.65s/step | epoch 2 | 15:48:26
step   2730 | loss=0.15847 w0=0.016 dev=0.464 | EVAL loss=0.09153 w0=0.014 dev=0.479 | 0.65s/step | epoch 2 | 15:48:33
step   2740 | loss=0.15844 w0=0.016 dev=0.464 | EVAL loss=0.09155 w0=0.010 dev=0.482 | 0.65s/step | epoch 2 | 15:48:39
step   2750 | loss=0.15834 w0=0.016 dev=0.464 | EVAL loss=0.09158 w0=0.007 dev=0.486 | 0.65s/step | epoch 2 | 15:48:45
step   2760 | loss=0.15834 w0=0.016 dev=0.464 | EVAL loss=0.09159 w0=0.006 dev=0.486 | 0.65s/step | epoch 2 | 15:48:52
step   2770 | loss=0.15838 w0=0.016 dev=0.464 | EVAL loss=0.09157 w0=0.005 dev=0.486 | 0.65s/step | epoch 2 | 15:48:58
step   2780 | loss=0.15838 w0=0.016 dev=0.464 | EVAL loss=0.09159 w0=0.006 dev=0.485 | 0.65s/step | epoch 2 | 15:49:05
step   2790 | loss=0.15837 w0=0.016 dev=0.464 | EVAL loss=0.09160 w0=0.006 dev=0.485 | 0.64s/step | epoch 2 | 15:49:11
step   2800 | loss=0.15837 w0=0.016 dev=0.464 | EVAL loss=0.09155 w0=0.007 dev=0.484 | 0.65s/step | epoch 2 | 15:49:18
step   2810 | loss=0.15837 w0=0.016 dev=0.464 | EVAL loss=0.09154 w0=0.008 dev=0.484 | 0.65s/step | epoch 2 | 15:49:24
step   2820 | loss=0.15836 w0=0.016 dev=0.465 | EVAL loss=0.09153 w0=0.012 dev=0.480 | 0.65s/step | epoch 2 | 15:49:31
step   2830 | loss=0.15836 w0=0.016 dev=0.465 | EVAL loss=0.09151 w0=0.014 dev=0.478 | 0.64s/step | epoch 2 | 15:49:37
step   2840 | loss=0.15843 w0=0.016 dev=0.465 | EVAL loss=0.09151 w0=0.012 dev=0.479 | 0.65s/step | epoch 2 | 15:49:44
step   2850 | loss=0.15850 w0=0.016 dev=0.465 | EVAL loss=0.09159 w0=0.008 dev=0.483 | 0.65s/step | epoch 2 | 15:49:50
step   2860 | loss=0.15841 w0=0.016 dev=0.465 | EVAL loss=0.09158 w0=0.009 dev=0.484 | 0.65s/step | epoch 2 | 15:49:56
step   2870 | loss=0.15832 w0=0.016 dev=0.465 | EVAL loss=0.09154 w0=0.011 dev=0.482 | 0.66s/step | epoch 2 | 15:50:03
step   2880 | loss=0.15833 w0=0.016 dev=0.465 | EVAL loss=0.09158 w0=0.009 dev=0.482 | 0.65s/step | epoch 2 | 15:50:10
step   2890 | loss=0.15818 w0=0.016 dev=0.465 | EVAL loss=0.09157 w0=0.008 dev=0.482 | 0.65s/step | epoch 2 | 15:50:16
step   2900 | loss=0.15812 w0=0.016 dev=0.465 | EVAL loss=0.09154 w0=0.011 dev=0.480 | 0.64s/step | epoch 2 | 15:50:22
step   2910 | loss=0.15812 w0=0.016 dev=0.465 | EVAL loss=0.09159 w0=0.008 dev=0.482 | 0.65s/step | epoch 2 | 15:50:29
step   2920 | loss=0.15807 w0=0.016 dev=0.465 | EVAL loss=0.09157 w0=0.008 dev=0.483 | 0.65s/step | epoch 2 | 15:50:35
step   2930 | loss=0.15803 w0=0.016 dev=0.465 | EVAL loss=0.09158 w0=0.008 dev=0.485 | 0.64s/step | epoch 2 | 15:50:42
step   2940 | loss=0.15807 w0=0.016 dev=0.465 | EVAL loss=0.09160 w0=0.007 dev=0.484 | 0.64s/step | epoch 2 | 15:50:48
step   2950 | loss=0.15814 w0=0.016 dev=0.465 | EVAL loss=0.09157 w0=0.009 dev=0.483 | 0.64s/step | epoch 2 | 15:50:55
step   2960 | loss=0.15810 w0=0.016 dev=0.465 | EVAL loss=0.09156 w0=0.009 dev=0.483 | 0.65s/step | epoch 2 | 15:51:01
step   2970 | loss=0.15801 w0=0.016 dev=0.465 | EVAL loss=0.09154 w0=0.011 dev=0.482 | 0.64s/step | epoch 2 | 15:51:08
step   2980 | loss=0.15806 w0=0.015 dev=0.465 | EVAL loss=0.09155 w0=0.010 dev=0.482 | 0.65s/step | epoch 2 | 15:51:14
step   2990 | loss=0.15811 w0=0.015 dev=0.465 | EVAL loss=0.09155 w0=0.008 dev=0.483 | 0.65s/step | epoch 2 | 15:51:21
step   3000 | loss=0.15805 w0=0.015 dev=0.465 | EVAL loss=0.09155 w0=0.009 dev=0.483 | 0.66s/step | epoch 2 | 15:51:27
  checkpoint saved at step 3000 -> /root/autodl-tmp/afa-assets/output/paper_run_group1_10k
step   3010 | loss=0.15806 w0=0.015 dev=0.466 | EVAL loss=0.09153 w0=0.009 dev=0.483 | 0.70s/step | epoch 2 | 15:51:34
step   3020 | loss=0.15803 w0=0.015 dev=0.466 | EVAL loss=0.09156 w0=0.011 dev=0.481 | 0.65s/step | epoch 2 | 15:51:41
step   3030 | loss=0.15798 w0=0.015 dev=0.466 | EVAL loss=0.09155 w0=0.012 dev=0.479 | 0.66s/step | epoch 2 | 15:51:47
step   3040 | loss=0.15811 w0=0.015 dev=0.466 | EVAL loss=0.09152 w0=0.015 dev=0.477 | 0.65s/step | epoch 2 | 15:51:54
step   3050 | loss=0.15819 w0=0.015 dev=0.466 | EVAL loss=0.09152 w0=0.013 dev=0.478 | 0.65s/step | epoch 2 | 15:52:00
step   3060 | loss=0.15825 w0=0.015 dev=0.466 | EVAL loss=0.09149 w0=0.007 dev=0.483 | 0.65s/step | epoch 2 | 15:52:07
step   3070 | loss=0.15830 w0=0.015 dev=0.466 | EVAL loss=0.09152 w0=0.009 dev=0.482 | 0.65s/step | epoch 2 | 15:52:13
step   3080 | loss=0.15829 w0=0.015 dev=0.466 | EVAL loss=0.09148 w0=0.011 dev=0.481 | 0.65s/step | epoch 2 | 15:52:19
step   3090 | loss=0.15828 w0=0.015 dev=0.466 | EVAL loss=0.09148 w0=0.014 dev=0.479 | 0.64s/step | epoch 2 | 15:52:26
step   3100 | loss=0.15827 w0=0.015 dev=0.466 | EVAL loss=0.09149 w0=0.011 dev=0.483 | 0.66s/step | epoch 2 | 15:52:32
step   3110 | loss=0.15820 w0=0.015 dev=0.466 | EVAL loss=0.09151 w0=0.010 dev=0.483 | 0.65s/step | epoch 2 | 15:52:39
step   3120 | loss=0.15820 w0=0.015 dev=0.466 | EVAL loss=0.09157 w0=0.011 dev=0.482 | 0.65s/step | epoch 2 | 15:52:45
step   3130 | loss=0.15818 w0=0.015 dev=0.466 | EVAL loss=0.09161 w0=0.012 dev=0.480 | 0.65s/step | epoch 2 | 15:52:52
step   3140 | loss=0.15820 w0=0.015 dev=0.466 | EVAL loss=0.09156 w0=0.012 dev=0.479 | 0.64s/step | epoch 2 | 15:52:58
step   3150 | loss=0.15831 w0=0.015 dev=0.466 | EVAL loss=0.09159 w0=0.010 dev=0.482 | 0.64s/step | epoch 2 | 15:53:05
step   3160 | loss=0.15843 w0=0.015 dev=0.466 | EVAL loss=0.09158 w0=0.009 dev=0.483 | 0.64s/step | epoch 2 | 15:53:11
step   3170 | loss=0.15845 w0=0.015 dev=0.466 | EVAL loss=0.09152 w0=0.011 dev=0.482 | 0.64s/step | epoch 2 | 15:53:18
step   3180 | loss=0.15838 w0=0.015 dev=0.466 | EVAL loss=0.09146 w0=0.012 dev=0.482 | 0.65s/step | epoch 2 | 15:53:24
step   3190 | loss=0.15828 w0=0.015 dev=0.466 | EVAL loss=0.09147 w0=0.013 dev=0.480 | 0.65s/step | epoch 2 | 15:53:31
step   3200 | loss=0.15835 w0=0.015 dev=0.466 | EVAL loss=0.09145 w0=0.016 dev=0.478 | 0.65s/step | epoch 2 | 15:53:37
step   3210 | loss=0.15830 w0=0.015 dev=0.466 | EVAL loss=0.09147 w0=0.011 dev=0.483 | 0.65s/step | epoch 2 | 15:53:44
step   3220 | loss=0.15835 w0=0.015 dev=0.466 | EVAL loss=0.09150 w0=0.009 dev=0.484 | 0.64s/step | epoch 2 | 15:53:50
step   3230 | loss=0.15838 w0=0.015 dev=0.466 | EVAL loss=0.09147 w0=0.009 dev=0.485 | 0.64s/step | epoch 2 | 15:53:56
step   3240 | loss=0.15837 w0=0.015 dev=0.467 | EVAL loss=0.09146 w0=0.012 dev=0.483 | 0.64s/step | epoch 2 | 15:54:03
step   3250 | loss=0.15838 w0=0.015 dev=0.467 | EVAL loss=0.09144 w0=0.010 dev=0.483 | 0.64s/step | epoch 2 | 15:54:09
step   3260 | loss=0.15843 w0=0.015 dev=0.467 | EVAL loss=0.09144 w0=0.009 dev=0.483 | 0.64s/step | epoch 2 | 15:54:16
step   3270 | loss=0.15845 w0=0.015 dev=0.467 | EVAL loss=0.09141 w0=0.011 dev=0.482 | 0.64s/step | epoch 2 | 15:54:22
step   3280 | loss=0.15844 w0=0.015 dev=0.467 | EVAL loss=0.09140 w0=0.014 dev=0.480 | 0.65s/step | epoch 2 | 15:54:29
step   3290 | loss=0.15841 w0=0.015 dev=0.467 | EVAL loss=0.09145 w0=0.010 dev=0.485 | 0.65s/step | epoch 2 | 15:54:35
step   3300 | loss=0.15835 w0=0.015 dev=0.467 | EVAL loss=0.09146 w0=0.009 dev=0.485 | 0.65s/step | epoch 2 | 15:54:42
step   3310 | loss=0.15841 w0=0.015 dev=0.467 | EVAL loss=0.09145 w0=0.012 dev=0.483 | 0.64s/step | epoch 2 | 15:54:48
step   3320 | loss=0.15847 w0=0.015 dev=0.467 | EVAL loss=0.09148 w0=0.013 dev=0.481 | 0.64s/step | epoch 2 | 15:54:54
step   3330 | loss=0.15847 w0=0.015 dev=0.467 | EVAL loss=0.09148 w0=0.012 dev=0.482 | 0.65s/step | epoch 2 | 15:55:01
step   3340 | loss=0.15840 w0=0.015 dev=0.467 | EVAL loss=0.09150 w0=0.011 dev=0.482 | 0.65s/step | epoch 2 | 15:55:07
step   3350 | loss=0.15834 w0=0.015 dev=0.467 | EVAL loss=0.09147 w0=0.010 dev=0.485 | 0.65s/step | epoch 2 | 15:55:14
step   3360 | loss=0.15831 w0=0.015 dev=0.467 | EVAL loss=0.09144 w0=0.009 dev=0.486 | 0.65s/step | epoch 2 | 15:55:20
step   3370 | loss=0.15834 w0=0.015 dev=0.467 | EVAL loss=0.09146 w0=0.009 dev=0.484 | 0.66s/step | epoch 2 | 15:55:27
step   3380 | loss=0.15831 w0=0.015 dev=0.467 | EVAL loss=0.09145 w0=0.010 dev=0.483 | 0.66s/step | epoch 2 | 15:55:34
step   3390 | loss=0.15823 w0=0.015 dev=0.467 | EVAL loss=0.09145 w0=0.010 dev=0.483 | 0.65s/step | epoch 2 | 15:55:40
step   3400 | loss=0.15829 w0=0.015 dev=0.467 | EVAL loss=0.09147 w0=0.012 dev=0.483 | 0.65s/step | epoch 2 | 15:55:46
step   3410 | loss=0.15815 w0=0.015 dev=0.467 | EVAL loss=0.09146 w0=0.010 dev=0.484 | 0.65s/step | epoch 2 | 15:55:53
step   3420 | loss=0.15809 w0=0.015 dev=0.467 | EVAL loss=0.09147 w0=0.009 dev=0.485 | 0.65s/step | epoch 2 | 15:55:59
step   3430 | loss=0.15799 w0=0.015 dev=0.467 | EVAL loss=0.09144 w0=0.011 dev=0.483 | 0.64s/step | epoch 2 | 15:56:06
step   3440 | loss=0.15808 w0=0.015 dev=0.467 | EVAL loss=0.09150 w0=0.009 dev=0.485 | 0.64s/step | epoch 2 | 15:56:12
step   3450 | loss=0.15803 w0=0.015 dev=0.467 | EVAL loss=0.09148 w0=0.009 dev=0.485 | 0.64s/step | epoch 2 | 15:56:19
step   3460 | loss=0.15804 w0=0.015 dev=0.467 | EVAL loss=0.09150 w0=0.008 dev=0.486 | 0.65s/step | epoch 2 | 15:56:25
step   3470 | loss=0.15814 w0=0.015 dev=0.467 | EVAL loss=0.09149 w0=0.008 dev=0.485 | 0.64s/step | epoch 2 | 15:56:32
step   3480 | loss=0.15811 w0=0.015 dev=0.467 | EVAL loss=0.09149 w0=0.010 dev=0.485 | 0.64s/step | epoch 2 | 15:56:38
step   3490 | loss=0.15813 w0=0.015 dev=0.468 | EVAL loss=0.09149 w0=0.010 dev=0.484 | 0.64s/step | epoch 2 | 15:56:44
step   3500 | loss=0.15813 w0=0.015 dev=0.468 | EVAL loss=0.09148 w0=0.011 dev=0.483 | 0.64s/step | epoch 2 | 15:56:51
  checkpoint saved at step 3500 -> /root/autodl-tmp/afa-assets/output/paper_run_group1_10k
step   3510 | loss=0.15818 w0=0.015 dev=0.468 | EVAL loss=0.09146 w0=0.012 dev=0.483 | 0.68s/step | epoch 2 | 15:56:58
step   3520 | loss=0.15818 w0=0.015 dev=0.468 | EVAL loss=0.09140 w0=0.011 dev=0.483 | 0.65s/step | epoch 2 | 15:57:04
step   3530 | loss=0.15825 w0=0.015 dev=0.468 | EVAL loss=0.09142 w0=0.010 dev=0.483 | 0.65s/step | epoch 2 | 15:57:11
step   3540 | loss=0.15827 w0=0.015 dev=0.468 | EVAL loss=0.09141 w0=0.014 dev=0.481 | 0.65s/step | epoch 2 | 15:57:17
step   3550 | loss=0.15826 w0=0.015 dev=0.468 | EVAL loss=0.09140 w0=0.016 dev=0.480 | 0.64s/step | epoch 2 | 15:57:24
step   3560 | loss=0.15825 w0=0.015 dev=0.468 | EVAL loss=0.09144 w0=0.013 dev=0.482 | 0.64s/step | epoch 2 | 15:57:30
step   3570 | loss=0.15820 w0=0.015 dev=0.468 | EVAL loss=0.09144 w0=0.011 dev=0.482 | 0.65s/step | epoch 2 | 15:57:36
step   3580 | loss=0.15821 w0=0.015 dev=0.468 | EVAL loss=0.09144 w0=0.010 dev=0.483 | 0.65s/step | epoch 2 | 15:57:43
step   3590 | loss=0.15818 w0=0.015 dev=0.468 | EVAL loss=0.09145 w0=0.010 dev=0.483 | 0.64s/step | epoch 2 | 15:57:49
step   3600 | loss=0.15812 w0=0.015 dev=0.468 | EVAL loss=0.09149 w0=0.010 dev=0.483 | 0.65s/step | epoch 2 | 15:57:56
step   3610 | loss=0.15817 w0=0.015 dev=0.468 | EVAL loss=0.09152 w0=0.009 dev=0.484 | 0.79s/step | epoch 2 | 15:58:04
step   3620 | loss=0.15818 w0=0.015 dev=0.468 | EVAL loss=0.09149 w0=0.009 dev=0.485 | 0.77s/step | epoch 2 | 15:58:11
step   3630 | loss=0.15811 w0=0.015 dev=0.468 | EVAL loss=0.09154 w0=0.007 dev=0.486 | 0.64s/step | epoch 2 | 15:58:18
step   3640 | loss=0.15813 w0=0.015 dev=0.468 | EVAL loss=0.09149 w0=0.008 dev=0.484 | 0.64s/step | epoch 2 | 15:58:24
step   3650 | loss=0.15807 w0=0.015 dev=0.468 | EVAL loss=0.09144 w0=0.014 dev=0.479 | 0.66s/step | epoch 2 | 15:58:31
step   3660 | loss=0.15810 w0=0.015 dev=0.468 | EVAL loss=0.09138 w0=0.012 dev=0.482 | 0.64s/step | epoch 2 | 15:58:37
step   3670 | loss=0.15806 w0=0.015 dev=0.468 | EVAL loss=0.09138 w0=0.009 dev=0.486 | 0.64s/step | epoch 2 | 15:58:44
step   3680 | loss=0.15808 w0=0.015 dev=0.468 | EVAL loss=0.09136 w0=0.010 dev=0.486 | 0.65s/step | epoch 2 | 15:58:50
step   3690 | loss=0.15809 w0=0.015 dev=0.468 | EVAL loss=0.09133 w0=0.012 dev=0.483 | 0.64s/step | epoch 2 | 15:58:57
step   3700 | loss=0.15811 w0=0.015 dev=0.468 | EVAL loss=0.09133 w0=0.019 dev=0.477 | 0.65s/step | epoch 2 | 15:59:03
step   3710 | loss=0.15813 w0=0.015 dev=0.468 | EVAL loss=0.09133 w0=0.020 dev=0.477 | 0.64s/step | epoch 2 | 15:59:10
step   3720 | loss=0.15809 w0=0.015 dev=0.468 | EVAL loss=0.09134 w0=0.014 dev=0.481 | 0.65s/step | epoch 2 | 15:59:16
step   3730 | loss=0.15808 w0=0.015 dev=0.468 | EVAL loss=0.09135 w0=0.013 dev=0.482 | 0.64s/step | epoch 2 | 15:59:23
step   3740 | loss=0.15812 w0=0.015 dev=0.468 | EVAL loss=0.09133 w0=0.012 dev=0.484 | 0.64s/step | epoch 2 | 15:59:29
step   3750 | loss=0.15814 w0=0.015 dev=0.468 | EVAL loss=0.09137 w0=0.010 dev=0.485 | 0.65s/step | epoch 2 | 15:59:35
step   3760 | loss=0.15818 w0=0.015 dev=0.468 | EVAL loss=0.09136 w0=0.009 dev=0.485 | 0.85s/step | epoch 3 | 15:59:44
step   3770 | loss=0.15825 w0=0.015 dev=0.468 | EVAL loss=0.09135 w0=0.009 dev=0.486 | 0.64s/step | epoch 3 | 15:59:50
step   3780 | loss=0.15821 w0=0.015 dev=0.468 | EVAL loss=0.09137 w0=0.009 dev=0.484 | 0.64s/step | epoch 3 | 15:59:57
step   3790 | loss=0.15827 w0=0.015 dev=0.468 | EVAL loss=0.09141 w0=0.010 dev=0.483 | 0.65s/step | epoch 3 | 16:00:03
step   3800 | loss=0.15826 w0=0.015 dev=0.469 | EVAL loss=0.09145 w0=0.010 dev=0.483 | 0.65s/step | epoch 3 | 16:00:10
step   3810 | loss=0.15821 w0=0.015 dev=0.469 | EVAL loss=0.09142 w0=0.010 dev=0.482 | 0.64s/step | epoch 3 | 16:00:16
step   3820 | loss=0.15822 w0=0.015 dev=0.469 | EVAL loss=0.09142 w0=0.011 dev=0.482 | 0.66s/step | epoch 3 | 16:00:23
step   3830 | loss=0.15820 w0=0.015 dev=0.469 | EVAL loss=0.09145 w0=0.011 dev=0.480 | 0.65s/step | epoch 3 | 16:00:29
step   3840 | loss=0.15829 w0=0.015 dev=0.469 | EVAL loss=0.09140 w0=0.012 dev=0.480 | 0.65s/step | epoch 3 | 16:00:36
step   3850 | loss=0.15821 w0=0.015 dev=0.469 | EVAL loss=0.09138 w0=0.010 dev=0.482 | 0.64s/step | epoch 3 | 16:00:42
step   3860 | loss=0.15827 w0=0.015 dev=0.469 | EVAL loss=0.09135 w0=0.009 dev=0.484 | 0.65s/step | epoch 3 | 16:00:49
step   3870 | loss=0.15826 w0=0.015 dev=0.469 | EVAL loss=0.09133 w0=0.009 dev=0.484 | 0.65s/step | epoch 3 | 16:00:55
step   3880 | loss=0.15831 w0=0.015 dev=0.469 | EVAL loss=0.09133 w0=0.009 dev=0.484 | 0.65s/step | epoch 3 | 16:01:02
step   3890 | loss=0.15829 w0=0.015 dev=0.469 | EVAL loss=0.09135 w0=0.010 dev=0.482 | 0.65s/step | epoch 3 | 16:01:08
step   3900 | loss=0.15833 w0=0.015 dev=0.469 | EVAL loss=0.09132 w0=0.011 dev=0.482 | 0.65s/step | epoch 3 | 16:01:14
step   3910 | loss=0.15839 w0=0.015 dev=0.469 | EVAL loss=0.09131 w0=0.013 dev=0.482 | 0.65s/step | epoch 3 | 16:01:21
step   3920 | loss=0.15831 w0=0.015 dev=0.469 | EVAL loss=0.09134 w0=0.012 dev=0.482 | 0.65s/step | epoch 3 | 16:01:27
step   3930 | loss=0.15820 w0=0.015 dev=0.469 | EVAL loss=0.09137 w0=0.013 dev=0.481 | 0.65s/step | epoch 3 | 16:01:34
step   3940 | loss=0.15819 w0=0.015 dev=0.469 | EVAL loss=0.09142 w0=0.009 dev=0.485 | 0.65s/step | epoch 3 | 16:01:40
step   3950 | loss=0.15825 w0=0.015 dev=0.469 | EVAL loss=0.09144 w0=0.008 dev=0.485 | 0.65s/step | epoch 3 | 16:01:47
step   3960 | loss=0.15820 w0=0.015 dev=0.469 | EVAL loss=0.09142 w0=0.010 dev=0.484 | 0.65s/step | epoch 3 | 16:01:53
step   3970 | loss=0.15824 w0=0.015 dev=0.469 | EVAL loss=0.09138 w0=0.010 dev=0.484 | 0.65s/step | epoch 3 | 16:02:00
step   3980 | loss=0.15823 w0=0.015 dev=0.469 | EVAL loss=0.09140 w0=0.011 dev=0.483 | 0.65s/step | epoch 3 | 16:02:06
step   3990 | loss=0.15820 w0=0.015 dev=0.469 | EVAL loss=0.09138 w0=0.010 dev=0.484 | 0.65s/step | epoch 3 | 16:02:13
step   4000 | loss=0.15821 w0=0.015 dev=0.469 | EVAL loss=0.09139 w0=0.010 dev=0.485 | 0.65s/step | epoch 3 | 16:02:19
  checkpoint saved at step 4000 -> /root/autodl-tmp/afa-assets/output/paper_run_group1_10k
step   4010 | loss=0.15824 w0=0.015 dev=0.469 | EVAL loss=0.09142 w0=0.010 dev=0.486 | 0.68s/step | epoch 3 | 16:02:26
step   4020 | loss=0.15823 w0=0.015 dev=0.469 | EVAL loss=0.09146 w0=0.009 dev=0.486 | 0.65s/step | epoch 3 | 16:02:32
step   4030 | loss=0.15818 w0=0.015 dev=0.469 | EVAL loss=0.09145 w0=0.009 dev=0.484 | 0.65s/step | epoch 3 | 16:02:39
step   4040 | loss=0.15812 w0=0.015 dev=0.469 | EVAL loss=0.09148 w0=0.011 dev=0.482 | 0.65s/step | epoch 3 | 16:02:45
step   4050 | loss=0.15812 w0=0.015 dev=0.469 | EVAL loss=0.09148 w0=0.010 dev=0.482 | 0.65s/step | epoch 3 | 16:02:52
step   4060 | loss=0.15807 w0=0.015 dev=0.469 | EVAL loss=0.09144 w0=0.008 dev=0.485 | 0.67s/step | epoch 3 | 16:02:59
step   4070 | loss=0.15806 w0=0.015 dev=0.469 | EVAL loss=0.09145 w0=0.009 dev=0.484 | 0.66s/step | epoch 3 | 16:03:05
step   4080 | loss=0.15804 w0=0.015 dev=0.469 | EVAL loss=0.09143 w0=0.010 dev=0.483 | 0.66s/step | epoch 3 | 16:03:12
step   4090 | loss=0.15804 w0=0.015 dev=0.469 | EVAL loss=0.09142 w0=0.009 dev=0.484 | 0.66s/step | epoch 3 | 16:03:18
step   4100 | loss=0.15803 w0=0.015 dev=0.469 | EVAL loss=0.09141 w0=0.011 dev=0.484 | 0.65s/step | epoch 3 | 16:03:25
step   4110 | loss=0.15811 w0=0.015 dev=0.469 | EVAL loss=0.09142 w0=0.011 dev=0.484 | 0.66s/step | epoch 3 | 16:03:31
step   4120 | loss=0.15807 w0=0.015 dev=0.469 | EVAL loss=0.09151 w0=0.009 dev=0.485 | 0.65s/step | epoch 3 | 16:03:38
step   4130 | loss=0.15807 w0=0.015 dev=0.469 | EVAL loss=0.09146 w0=0.008 dev=0.486 | 0.65s/step | epoch 3 | 16:03:44
step   4140 | loss=0.15811 w0=0.015 dev=0.469 | EVAL loss=0.09148 w0=0.008 dev=0.486 | 0.65s/step | epoch 3 | 16:03:51
step   4150 | loss=0.15810 w0=0.015 dev=0.469 | EVAL loss=0.09146 w0=0.008 dev=0.485 | 0.65s/step | epoch 3 | 16:03:57
step   4160 | loss=0.15810 w0=0.015 dev=0.470 | EVAL loss=0.09145 w0=0.008 dev=0.484 | 0.64s/step | epoch 3 | 16:04:04
step   4170 | loss=0.15815 w0=0.015 dev=0.470 | EVAL loss=0.09146 w0=0.010 dev=0.484 | 0.65s/step | epoch 3 | 16:04:10
step   4180 | loss=0.15808 w0=0.015 dev=0.470 | EVAL loss=0.09149 w0=0.008 dev=0.484 | 0.65s/step | epoch 3 | 16:04:17
step   4190 | loss=0.15809 w0=0.015 dev=0.470 | EVAL loss=0.09151 w0=0.008 dev=0.485 | 0.65s/step | epoch 3 | 16:04:23
step   4200 | loss=0.15815 w0=0.015 dev=0.470 | EVAL loss=0.09151 w0=0.009 dev=0.485 | 0.65s/step | epoch 3 | 16:04:30
step   4210 | loss=0.15814 w0=0.015 dev=0.470 | EVAL loss=0.09151 w0=0.011 dev=0.484 | 0.65s/step | epoch 3 | 16:04:36
step   4220 | loss=0.15808 w0=0.015 dev=0.470 | EVAL loss=0.09150 w0=0.011 dev=0.483 | 0.64s/step | epoch 3 | 16:04:43
step   4230 | loss=0.15818 w0=0.014 dev=0.470 | EVAL loss=0.09149 w0=0.009 dev=0.485 | 0.65s/step | epoch 3 | 16:04:49
step   4240 | loss=0.15808 w0=0.014 dev=0.470 | EVAL loss=0.09152 w0=0.009 dev=0.485 | 0.65s/step | epoch 3 | 16:04:56
step   4250 | loss=0.15806 w0=0.014 dev=0.470 | EVAL loss=0.09148 w0=0.010 dev=0.484 | 0.65s/step | epoch 3 | 16:05:02
step   4260 | loss=0.15810 w0=0.014 dev=0.470 | EVAL loss=0.09147 w0=0.014 dev=0.481 | 0.65s/step | epoch 3 | 16:05:09
step   4270 | loss=0.15810 w0=0.014 dev=0.470 | EVAL loss=0.09146 w0=0.015 dev=0.482 | 0.66s/step | epoch 3 | 16:05:15
step   4280 | loss=0.15804 w0=0.014 dev=0.470 | EVAL loss=0.09151 w0=0.012 dev=0.484 | 0.65s/step | epoch 3 | 16:05:22
step   4290 | loss=0.15809 w0=0.014 dev=0.470 | EVAL loss=0.09150 w0=0.009 dev=0.485 | 0.64s/step | epoch 3 | 16:05:28
step   4300 | loss=0.15812 w0=0.014 dev=0.470 | EVAL loss=0.09148 w0=0.008 dev=0.485 | 0.64s/step | epoch 3 | 16:05:34
step   4310 | loss=0.15815 w0=0.014 dev=0.470 | EVAL loss=0.09151 w0=0.008 dev=0.484 | 0.64s/step | epoch 3 | 16:05:41
step   4320 | loss=0.15811 w0=0.014 dev=0.470 | EVAL loss=0.09150 w0=0.011 dev=0.482 | 0.65s/step | epoch 3 | 16:05:47
step   4330 | loss=0.15816 w0=0.014 dev=0.470 | EVAL loss=0.09144 w0=0.014 dev=0.480 | 0.64s/step | epoch 3 | 16:05:54
step   4340 | loss=0.15810 w0=0.014 dev=0.470 | EVAL loss=0.09142 w0=0.013 dev=0.482 | 0.66s/step | epoch 3 | 16:06:00
step   4350 | loss=0.15811 w0=0.014 dev=0.470 | EVAL loss=0.09143 w0=0.011 dev=0.483 | 0.65s/step | epoch 3 | 16:06:07
step   4360 | loss=0.15812 w0=0.014 dev=0.470 | EVAL loss=0.09142 w0=0.011 dev=0.483 | 0.65s/step | epoch 3 | 16:06:13
step   4370 | loss=0.15811 w0=0.014 dev=0.470 | EVAL loss=0.09143 w0=0.011 dev=0.484 | 0.65s/step | epoch 3 | 16:06:20
step   4380 | loss=0.15814 w0=0.014 dev=0.470 | EVAL loss=0.09142 w0=0.012 dev=0.482 | 0.64s/step | epoch 3 | 16:06:26
step   4390 | loss=0.15814 w0=0.014 dev=0.470 | EVAL loss=0.09143 w0=0.012 dev=0.482 | 0.64s/step | epoch 3 | 16:06:33
step   4400 | loss=0.15817 w0=0.014 dev=0.470 | EVAL loss=0.09140 w0=0.015 dev=0.480 | 0.64s/step | epoch 3 | 16:06:39
step   4410 | loss=0.15818 w0=0.014 dev=0.470 | EVAL loss=0.09139 w0=0.011 dev=0.483 | 0.65s/step | epoch 3 | 16:06:46
step   4420 | loss=0.15814 w0=0.014 dev=0.470 | EVAL loss=0.09140 w0=0.011 dev=0.485 | 0.64s/step | epoch 3 | 16:06:52
step   4430 | loss=0.15822 w0=0.014 dev=0.470 | EVAL loss=0.09141 w0=0.012 dev=0.484 | 0.64s/step | epoch 3 | 16:06:58
step   4440 | loss=0.15817 w0=0.014 dev=0.470 | EVAL loss=0.09141 w0=0.013 dev=0.482 | 0.64s/step | epoch 3 | 16:07:05
step   4450 | loss=0.15822 w0=0.014 dev=0.470 | EVAL loss=0.09141 w0=0.012 dev=0.483 | 0.64s/step | epoch 3 | 16:07:11
step   4460 | loss=0.15822 w0=0.014 dev=0.470 | EVAL loss=0.09142 w0=0.012 dev=0.483 | 0.65s/step | epoch 3 | 16:07:18
step   4470 | loss=0.15826 w0=0.014 dev=0.470 | EVAL loss=0.09141 w0=0.013 dev=0.483 | 0.64s/step | epoch 3 | 16:07:24
step   4480 | loss=0.15827 w0=0.014 dev=0.470 | EVAL loss=0.09143 w0=0.010 dev=0.485 | 0.65s/step | epoch 3 | 16:07:31
step   4490 | loss=0.15829 w0=0.014 dev=0.470 | EVAL loss=0.09143 w0=0.010 dev=0.485 | 0.65s/step | epoch 3 | 16:07:37
step   4500 | loss=0.15833 w0=0.014 dev=0.470 | EVAL loss=0.09143 w0=0.012 dev=0.483 | 0.65s/step | epoch 3 | 16:07:44
  checkpoint saved at step 4500 -> /root/autodl-tmp/afa-assets/output/paper_run_group1_10k
step   4510 | loss=0.15838 w0=0.014 dev=0.470 | EVAL loss=0.09142 w0=0.011 dev=0.482 | 0.68s/step | epoch 3 | 16:07:50
step   4520 | loss=0.15838 w0=0.014 dev=0.470 | EVAL loss=0.09143 w0=0.013 dev=0.481 | 0.64s/step | epoch 3 | 16:07:57
step   4530 | loss=0.15840 w0=0.014 dev=0.470 | EVAL loss=0.09143 w0=0.013 dev=0.482 | 0.64s/step | epoch 3 | 16:08:03
step   4540 | loss=0.15841 w0=0.014 dev=0.470 | EVAL loss=0.09141 w0=0.013 dev=0.481 | 0.64s/step | epoch 3 | 16:08:10
step   4550 | loss=0.15841 w0=0.014 dev=0.470 | EVAL loss=0.09138 w0=0.013 dev=0.482 | 0.64s/step | epoch 3 | 16:08:16
step   4560 | loss=0.15842 w0=0.014 dev=0.470 | EVAL loss=0.09138 w0=0.011 dev=0.483 | 0.64s/step | epoch 3 | 16:08:23
step   4570 | loss=0.15843 w0=0.014 dev=0.470 | EVAL loss=0.09136 w0=0.008 dev=0.486 | 0.65s/step | epoch 3 | 16:08:29
step   4580 | loss=0.15842 w0=0.014 dev=0.471 | EVAL loss=0.09135 w0=0.009 dev=0.485 | 0.64s/step | epoch 3 | 16:08:36
step   4590 | loss=0.15835 w0=0.014 dev=0.471 | EVAL loss=0.09137 w0=0.009 dev=0.486 | 0.65s/step | epoch 3 | 16:08:42
step   4600 | loss=0.15833 w0=0.014 dev=0.471 | EVAL loss=0.09136 w0=0.008 dev=0.486 | 0.65s/step | epoch 3 | 16:08:48
step   4610 | loss=0.15828 w0=0.014 dev=0.471 | EVAL loss=0.09137 w0=0.013 dev=0.483 | 0.64s/step | epoch 3 | 16:08:55
step   4620 | loss=0.15826 w0=0.014 dev=0.471 | EVAL loss=0.09137 w0=0.017 dev=0.480 | 0.66s/step | epoch 3 | 16:09:01
step   4630 | loss=0.15827 w0=0.014 dev=0.471 | EVAL loss=0.09138 w0=0.013 dev=0.482 | 0.64s/step | epoch 3 | 16:09:08
step   4640 | loss=0.15828 w0=0.014 dev=0.471 | EVAL loss=0.09140 w0=0.009 dev=0.482 | 0.64s/step | epoch 3 | 16:09:14
step   4650 | loss=0.15829 w0=0.014 dev=0.471 | EVAL loss=0.09143 w0=0.009 dev=0.484 | 0.64s/step | epoch 3 | 16:09:21
step   4660 | loss=0.15826 w0=0.014 dev=0.471 | EVAL loss=0.09145 w0=0.013 dev=0.481 | 0.65s/step | epoch 3 | 16:09:27
step   4670 | loss=0.15835 w0=0.014 dev=0.471 | EVAL loss=0.09147 w0=0.012 dev=0.483 | 0.65s/step | epoch 3 | 16:09:34
step   4680 | loss=0.15836 w0=0.014 dev=0.471 | EVAL loss=0.09146 w0=0.009 dev=0.486 | 0.65s/step | epoch 3 | 16:09:40
step   4690 | loss=0.15828 w0=0.014 dev=0.471 | EVAL loss=0.09146 w0=0.010 dev=0.485 | 0.64s/step | epoch 3 | 16:09:47
step   4700 | loss=0.15832 w0=0.014 dev=0.471 | EVAL loss=0.09142 w0=0.011 dev=0.484 | 0.64s/step | epoch 3 | 16:09:53
step   4710 | loss=0.15832 w0=0.014 dev=0.471 | EVAL loss=0.09140 w0=0.012 dev=0.483 | 0.65s/step | epoch 3 | 16:10:00
step   4720 | loss=0.15844 w0=0.014 dev=0.471 | EVAL loss=0.09139 w0=0.012 dev=0.483 | 0.64s/step | epoch 3 | 16:10:06
step   4730 | loss=0.15850 w0=0.014 dev=0.471 | EVAL loss=0.09135 w0=0.010 dev=0.486 | 0.65s/step | epoch 3 | 16:10:12
step   4740 | loss=0.15860 w0=0.014 dev=0.471 | EVAL loss=0.09133 w0=0.010 dev=0.486 | 0.64s/step | epoch 3 | 16:10:19
step   4750 | loss=0.15863 w0=0.014 dev=0.471 | EVAL loss=0.09136 w0=0.009 dev=0.487 | 0.65s/step | epoch 3 | 16:10:25
step   4760 | loss=0.15856 w0=0.014 dev=0.471 | EVAL loss=0.09137 w0=0.008 dev=0.487 | 0.64s/step | epoch 3 | 16:10:32
step   4770 | loss=0.15853 w0=0.014 dev=0.471 | EVAL loss=0.09135 w0=0.008 dev=0.486 | 0.64s/step | epoch 3 | 16:10:38
step   4780 | loss=0.15852 w0=0.014 dev=0.471 | EVAL loss=0.09134 w0=0.007 dev=0.486 | 0.65s/step | epoch 3 | 16:10:45
step   4790 | loss=0.15850 w0=0.014 dev=0.471 | EVAL loss=0.09135 w0=0.008 dev=0.484 | 0.64s/step | epoch 3 | 16:10:51
step   4800 | loss=0.15850 w0=0.014 dev=0.471 | EVAL loss=0.09137 w0=0.010 dev=0.482 | 0.64s/step | epoch 3 | 16:10:58
step   4810 | loss=0.15854 w0=0.014 dev=0.471 | EVAL loss=0.09140 w0=0.010 dev=0.483 | 0.65s/step | epoch 3 | 16:11:04
step   4820 | loss=0.15851 w0=0.014 dev=0.471 | EVAL loss=0.09143 w0=0.009 dev=0.484 | 0.64s/step | epoch 3 | 16:11:11
step   4830 | loss=0.15857 w0=0.014 dev=0.471 | EVAL loss=0.09148 w0=0.008 dev=0.485 | 0.64s/step | epoch 3 | 16:11:17
step   4840 | loss=0.15850 w0=0.014 dev=0.471 | EVAL loss=0.09146 w0=0.010 dev=0.483 | 0.65s/step | epoch 3 | 16:11:23
step   4850 | loss=0.15847 w0=0.014 dev=0.471 | EVAL loss=0.09141 w0=0.012 dev=0.482 | 0.65s/step | epoch 3 | 16:11:30
step   4860 | loss=0.15845 w0=0.014 dev=0.471 | EVAL loss=0.09141 w0=0.016 dev=0.480 | 0.64s/step | epoch 3 | 16:11:36
step   4870 | loss=0.15844 w0=0.014 dev=0.471 | EVAL loss=0.09142 w0=0.013 dev=0.481 | 0.65s/step | epoch 3 | 16:11:43
step   4880 | loss=0.15847 w0=0.014 dev=0.471 | EVAL loss=0.09140 w0=0.013 dev=0.480 | 0.65s/step | epoch 3 | 16:11:49
step   4890 | loss=0.15848 w0=0.014 dev=0.471 | EVAL loss=0.09141 w0=0.012 dev=0.482 | 0.67s/step | epoch 3 | 16:11:56
step   4900 | loss=0.15846 w0=0.014 dev=0.471 | EVAL loss=0.09143 w0=0.009 dev=0.485 | 0.66s/step | epoch 3 | 16:12:03
step   4910 | loss=0.15849 w0=0.014 dev=0.471 | EVAL loss=0.09149 w0=0.011 dev=0.483 | 0.66s/step | epoch 3 | 16:12:09
step   4920 | loss=0.15849 w0=0.014 dev=0.471 | EVAL loss=0.09150 w0=0.013 dev=0.482 | 0.66s/step | epoch 3 | 16:12:16
step   4930 | loss=0.15848 w0=0.014 dev=0.471 | EVAL loss=0.09147 w0=0.014 dev=0.480 | 0.66s/step | epoch 3 | 16:12:22
step   4940 | loss=0.15848 w0=0.014 dev=0.471 | EVAL loss=0.09145 w0=0.011 dev=0.481 | 0.66s/step | epoch 3 | 16:12:29
step   4950 | loss=0.15843 w0=0.014 dev=0.471 | EVAL loss=0.09144 w0=0.008 dev=0.484 | 0.66s/step | epoch 3 | 16:12:36
step   4960 | loss=0.15844 w0=0.014 dev=0.471 | EVAL loss=0.09145 w0=0.007 dev=0.485 | 0.66s/step | epoch 3 | 16:12:42
step   4970 | loss=0.15850 w0=0.014 dev=0.471 | EVAL loss=0.09142 w0=0.009 dev=0.484 | 0.66s/step | epoch 3 | 16:12:49
step   4980 | loss=0.15849 w0=0.014 dev=0.471 | EVAL loss=0.09139 w0=0.009 dev=0.484 | 0.65s/step | epoch 3 | 16:12:55
step   4990 | loss=0.15846 w0=0.014 dev=0.471 | EVAL loss=0.09142 w0=0.011 dev=0.482 | 0.65s/step | epoch 3 | 16:13:02
step   5000 | loss=0.15845 w0=0.014 dev=0.471 | EVAL loss=0.09143 w0=0.009 dev=0.483 | 0.65s/step | epoch 3 | 16:13:08
  checkpoint saved at step 5000 -> /root/autodl-tmp/afa-assets/output/paper_run_group1_10k
step   5010 | loss=0.15840 w0=0.014 dev=0.471 | EVAL loss=0.09145 w0=0.011 dev=0.483 | 0.88s/step | epoch 4 | 16:13:17
step   5020 | loss=0.15841 w0=0.014 dev=0.471 | EVAL loss=0.09144 w0=0.010 dev=0.483 | 0.65s/step | epoch 4 | 16:13:24
step   5030 | loss=0.15838 w0=0.014 dev=0.471 | EVAL loss=0.09141 w0=0.009 dev=0.482 | 0.64s/step | epoch 4 | 16:13:30
step   5040 | loss=0.15843 w0=0.014 dev=0.471 | EVAL loss=0.09144 w0=0.009 dev=0.480 | 0.65s/step | epoch 4 | 16:13:36
step   5050 | loss=0.15844 w0=0.014 dev=0.471 | EVAL loss=0.09139 w0=0.012 dev=0.479 | 0.65s/step | epoch 4 | 16:13:43
step   5060 | loss=0.15845 w0=0.014 dev=0.471 | EVAL loss=0.09140 w0=0.009 dev=0.483 | 0.65s/step | epoch 4 | 16:13:49
step   5070 | loss=0.15840 w0=0.014 dev=0.471 | EVAL loss=0.09147 w0=0.007 dev=0.484 | 0.67s/step | epoch 4 | 16:13:56
step   5080 | loss=0.15840 w0=0.014 dev=0.471 | EVAL loss=0.09146 w0=0.008 dev=0.484 | 0.65s/step | epoch 4 | 16:14:03
step   5090 | loss=0.15840 w0=0.014 dev=0.471 | EVAL loss=0.09147 w0=0.008 dev=0.485 | 0.65s/step | epoch 4 | 16:14:09
step   5100 | loss=0.15837 w0=0.014 dev=0.471 | EVAL loss=0.09146 w0=0.010 dev=0.484 | 0.65s/step | epoch 4 | 16:14:15
step   5110 | loss=0.15837 w0=0.014 dev=0.472 | EVAL loss=0.09146 w0=0.012 dev=0.484 | 0.65s/step | epoch 4 | 16:14:22
step   5120 | loss=0.15835 w0=0.014 dev=0.472 | EVAL loss=0.09144 w0=0.012 dev=0.485 | 0.65s/step | epoch 4 | 16:14:28
step   5130 | loss=0.15836 w0=0.014 dev=0.472 | EVAL loss=0.09147 w0=0.012 dev=0.484 | 0.65s/step | epoch 4 | 16:14:35
step   5140 | loss=0.15835 w0=0.014 dev=0.472 | EVAL loss=0.09149 w0=0.013 dev=0.482 | 0.65s/step | epoch 4 | 16:14:41
step   5150 | loss=0.15837 w0=0.014 dev=0.472 | EVAL loss=0.09149 w0=0.016 dev=0.479 | 0.65s/step | epoch 4 | 16:14:48
step   5160 | loss=0.15838 w0=0.014 dev=0.472 | EVAL loss=0.09145 w0=0.013 dev=0.481 | 0.65s/step | epoch 4 | 16:14:54
step   5170 | loss=0.15840 w0=0.014 dev=0.472 | EVAL loss=0.09145 w0=0.010 dev=0.484 | 0.65s/step | epoch 4 | 16:15:01
step   5180 | loss=0.15832 w0=0.014 dev=0.472 | EVAL loss=0.09144 w0=0.008 dev=0.485 | 0.65s/step | epoch 4 | 16:15:07
step   5190 | loss=0.15829 w0=0.014 dev=0.472 | EVAL loss=0.09144 w0=0.008 dev=0.485 | 0.65s/step | epoch 4 | 16:15:14
step   5200 | loss=0.15833 w0=0.014 dev=0.472 | EVAL loss=0.09144 w0=0.008 dev=0.485 | 0.65s/step | epoch 4 | 16:15:20
step   5210 | loss=0.15824 w0=0.014 dev=0.472 | EVAL loss=0.09145 w0=0.008 dev=0.484 | 0.65s/step | epoch 4 | 16:15:27
step   5220 | loss=0.15831 w0=0.014 dev=0.472 | EVAL loss=0.09142 w0=0.008 dev=0.484 | 0.65s/step | epoch 4 | 16:15:33
step   5230 | loss=0.15828 w0=0.014 dev=0.472 | EVAL loss=0.09139 w0=0.008 dev=0.484 | 0.65s/step | epoch 4 | 16:15:40
step   5240 | loss=0.15825 w0=0.014 dev=0.472 | EVAL loss=0.09138 w0=0.009 dev=0.483 | 0.65s/step | epoch 4 | 16:15:46
step   5250 | loss=0.15828 w0=0.014 dev=0.472 | EVAL loss=0.09139 w0=0.009 dev=0.483 | 0.65s/step | epoch 4 | 16:15:53
step   5260 | loss=0.15828 w0=0.014 dev=0.472 | EVAL loss=0.09140 w0=0.008 dev=0.484 | 0.65s/step | epoch 4 | 16:15:59
step   5270 | loss=0.15826 w0=0.014 dev=0.472 | EVAL loss=0.09142 w0=0.008 dev=0.485 | 0.67s/step | epoch 4 | 16:16:06
step   5280 | loss=0.15826 w0=0.014 dev=0.472 | EVAL loss=0.09142 w0=0.009 dev=0.484 | 0.66s/step | epoch 4 | 16:16:13
step   5290 | loss=0.15827 w0=0.014 dev=0.472 | EVAL loss=0.09140 w0=0.010 dev=0.483 | 0.65s/step | epoch 4 | 16:16:19
step   5300 | loss=0.15827 w0=0.014 dev=0.472 | EVAL loss=0.09140 w0=0.009 dev=0.483 | 0.65s/step | epoch 4 | 16:16:25
step   5310 | loss=0.15826 w0=0.014 dev=0.472 | EVAL loss=0.09140 w0=0.010 dev=0.483 | 0.65s/step | epoch 4 | 16:16:32
step   5320 | loss=0.15826 w0=0.014 dev=0.472 | EVAL loss=0.09142 w0=0.009 dev=0.484 | 0.65s/step | epoch 4 | 16:16:38
step   5330 | loss=0.15825 w0=0.014 dev=0.472 | EVAL loss=0.09140 w0=0.010 dev=0.483 | 0.65s/step | epoch 4 | 16:16:45
step   5340 | loss=0.15833 w0=0.014 dev=0.472 | EVAL loss=0.09134 w0=0.012 dev=0.482 | 0.65s/step | epoch 4 | 16:16:51
step   5350 | loss=0.15835 w0=0.014 dev=0.472 | EVAL loss=0.09136 w0=0.013 dev=0.480 | 0.65s/step | epoch 4 | 16:16:58
step   5360 | loss=0.15839 w0=0.014 dev=0.472 | EVAL loss=0.09136 w0=0.012 dev=0.481 | 0.66s/step | epoch 4 | 16:17:04
step   5370 | loss=0.15840 w0=0.014 dev=0.472 | EVAL loss=0.09137 w0=0.010 dev=0.483 | 0.65s/step | epoch 4 | 16:17:11
step   5380 | loss=0.15841 w0=0.014 dev=0.472 | EVAL loss=0.09137 w0=0.009 dev=0.484 | 0.65s/step | epoch 4 | 16:17:17
step   5390 | loss=0.15841 w0=0.014 dev=0.472 | EVAL loss=0.09135 w0=0.010 dev=0.484 | 0.65s/step | epoch 4 | 16:17:24
step   5400 | loss=0.15842 w0=0.014 dev=0.472 | EVAL loss=0.09137 w0=0.009 dev=0.485 | 0.65s/step | epoch 4 | 16:17:30
step   5410 | loss=0.15838 w0=0.014 dev=0.472 | EVAL loss=0.09140 w0=0.008 dev=0.484 | 0.65s/step | epoch 4 | 16:17:37
step   5420 | loss=0.15835 w0=0.014 dev=0.472 | EVAL loss=0.09141 w0=0.009 dev=0.484 | 0.65s/step | epoch 4 | 16:17:43
step   5430 | loss=0.15836 w0=0.014 dev=0.472 | EVAL loss=0.09139 w0=0.011 dev=0.483 | 0.65s/step | epoch 4 | 16:17:50
step   5440 | loss=0.15835 w0=0.014 dev=0.472 | EVAL loss=0.09140 w0=0.010 dev=0.483 | 0.65s/step | epoch 4 | 16:17:56
step   5450 | loss=0.15834 w0=0.014 dev=0.472 | EVAL loss=0.09137 w0=0.010 dev=0.482 | 0.65s/step | epoch 4 | 16:18:03
step   5460 | loss=0.15836 w0=0.014 dev=0.472 | EVAL loss=0.09140 w0=0.009 dev=0.484 | 0.65s/step | epoch 4 | 16:18:09
step   5470 | loss=0.15837 w0=0.014 dev=0.472 | EVAL loss=0.09142 w0=0.012 dev=0.482 | 0.65s/step | epoch 4 | 16:18:16
step   5480 | loss=0.15836 w0=0.014 dev=0.472 | EVAL loss=0.09136 w0=0.016 dev=0.479 | 0.65s/step | epoch 4 | 16:18:22
step   5490 | loss=0.15840 w0=0.014 dev=0.472 | EVAL loss=0.09134 w0=0.015 dev=0.480 | 0.65s/step | epoch 4 | 16:18:29
step   5500 | loss=0.15830 w0=0.014 dev=0.472 | EVAL loss=0.09132 w0=0.014 dev=0.481 | 0.65s/step | epoch 4 | 16:18:35
  checkpoint saved at step 5500 -> /root/autodl-tmp/afa-assets/output/paper_run_group1_10k
step   5510 | loss=0.15830 w0=0.014 dev=0.472 | EVAL loss=0.09138 w0=0.013 dev=0.483 | 0.68s/step | epoch 4 | 16:18:42
step   5520 | loss=0.15831 w0=0.014 dev=0.472 | EVAL loss=0.09142 w0=0.012 dev=0.482 | 0.66s/step | epoch 4 | 16:18:48
step   5530 | loss=0.15834 w0=0.014 dev=0.472 | EVAL loss=0.09144 w0=0.012 dev=0.482 | 0.64s/step | epoch 4 | 16:18:55
step   5540 | loss=0.15828 w0=0.014 dev=0.472 | EVAL loss=0.09144 w0=0.012 dev=0.483 | 0.65s/step | epoch 4 | 16:19:01
step   5550 | loss=0.15831 w0=0.014 dev=0.472 | EVAL loss=0.09144 w0=0.014 dev=0.482 | 0.64s/step | epoch 4 | 16:19:08
step   5560 | loss=0.15827 w0=0.014 dev=0.472 | EVAL loss=0.09147 w0=0.013 dev=0.482 | 0.64s/step | epoch 4 | 16:19:14
step   5570 | loss=0.15831 w0=0.014 dev=0.472 | EVAL loss=0.09146 w0=0.013 dev=0.482 | 0.65s/step | epoch 4 | 16:19:21
step   5580 | loss=0.15833 w0=0.014 dev=0.472 | EVAL loss=0.09148 w0=0.010 dev=0.485 | 0.64s/step | epoch 4 | 16:19:27
step   5590 | loss=0.15838 w0=0.014 dev=0.472 | EVAL loss=0.09145 w0=0.008 dev=0.487 | 0.66s/step | epoch 4 | 16:19:34
step   5600 | loss=0.15836 w0=0.014 dev=0.472 | EVAL loss=0.09146 w0=0.008 dev=0.486 | 0.65s/step | epoch 4 | 16:19:40
step   5610 | loss=0.15835 w0=0.014 dev=0.472 | EVAL loss=0.09145 w0=0.009 dev=0.486 | 0.65s/step | epoch 4 | 16:19:47
step   5620 | loss=0.15836 w0=0.014 dev=0.472 | EVAL loss=0.09146 w0=0.009 dev=0.487 | 0.64s/step | epoch 4 | 16:19:53
step   5630 | loss=0.15841 w0=0.014 dev=0.472 | EVAL loss=0.09149 w0=0.010 dev=0.486 | 0.64s/step | epoch 4 | 16:19:59
step   5640 | loss=0.15841 w0=0.014 dev=0.472 | EVAL loss=0.09149 w0=0.009 dev=0.485 | 0.65s/step | epoch 4 | 16:20:06
step   5650 | loss=0.15836 w0=0.014 dev=0.472 | EVAL loss=0.09149 w0=0.010 dev=0.484 | 0.65s/step | epoch 4 | 16:20:12
step   5660 | loss=0.15832 w0=0.014 dev=0.472 | EVAL loss=0.09149 w0=0.009 dev=0.485 | 0.65s/step | epoch 4 | 16:20:19
step   5670 | loss=0.15833 w0=0.014 dev=0.472 | EVAL loss=0.09148 w0=0.008 dev=0.486 | 0.64s/step | epoch 4 | 16:20:25
step   5680 | loss=0.15829 w0=0.014 dev=0.472 | EVAL loss=0.09150 w0=0.008 dev=0.486 | 0.65s/step | epoch 4 | 16:20:32
step   5690 | loss=0.15827 w0=0.014 dev=0.472 | EVAL loss=0.09151 w0=0.009 dev=0.486 | 0.65s/step | epoch 4 | 16:20:38
step   5700 | loss=0.15825 w0=0.014 dev=0.472 | EVAL loss=0.09150 w0=0.010 dev=0.484 | 0.65s/step | epoch 4 | 16:20:45
step   5710 | loss=0.15819 w0=0.014 dev=0.472 | EVAL loss=0.09149 w0=0.014 dev=0.482 | 0.65s/step | epoch 4 | 16:20:51
step   5720 | loss=0.15813 w0=0.014 dev=0.472 | EVAL loss=0.09147 w0=0.013 dev=0.483 | 0.64s/step | epoch 4 | 16:20:58
step   5730 | loss=0.15815 w0=0.014 dev=0.472 | EVAL loss=0.09142 w0=0.013 dev=0.481 | 0.65s/step | epoch 4 | 16:21:04
step   5740 | loss=0.15815 w0=0.014 dev=0.472 | EVAL loss=0.09142 w0=0.013 dev=0.482 | 0.65s/step | epoch 4 | 16:21:10
step   5750 | loss=0.15821 w0=0.014 dev=0.472 | EVAL loss=0.09142 w0=0.011 dev=0.484 | 0.65s/step | epoch 4 | 16:21:17
step   5760 | loss=0.15813 w0=0.014 dev=0.472 | EVAL loss=0.09143 w0=0.010 dev=0.485 | 0.65s/step | epoch 4 | 16:21:23
step   5770 | loss=0.15812 w0=0.014 dev=0.472 | EVAL loss=0.09144 w0=0.010 dev=0.485 | 0.65s/step | epoch 4 | 16:21:30
step   5780 | loss=0.15809 w0=0.014 dev=0.472 | EVAL loss=0.09145 w0=0.011 dev=0.484 | 0.65s/step | epoch 4 | 16:21:36
step   5790 | loss=0.15811 w0=0.014 dev=0.472 | EVAL loss=0.09143 w0=0.013 dev=0.482 | 0.65s/step | epoch 4 | 16:21:43
step   5800 | loss=0.15809 w0=0.014 dev=0.472 | EVAL loss=0.09140 w0=0.015 dev=0.481 | 0.65s/step | epoch 4 | 16:21:49
step   5810 | loss=0.15807 w0=0.014 dev=0.472 | EVAL loss=0.09142 w0=0.010 dev=0.484 | 0.65s/step | epoch 4 | 16:21:56
step   5820 | loss=0.15805 w0=0.014 dev=0.473 | EVAL loss=0.09146 w0=0.009 dev=0.484 | 0.65s/step | epoch 4 | 16:22:02
step   5830 | loss=0.15803 w0=0.014 dev=0.473 | EVAL loss=0.09146 w0=0.009 dev=0.484 | 0.64s/step | epoch 4 | 16:22:09
step   5840 | loss=0.15802 w0=0.014 dev=0.473 | EVAL loss=0.09147 w0=0.010 dev=0.484 | 0.66s/step | epoch 4 | 16:22:15
step   5850 | loss=0.15797 w0=0.014 dev=0.473 | EVAL loss=0.09148 w0=0.010 dev=0.483 | 0.68s/step | epoch 4 | 16:22:22
step   5860 | loss=0.15794 w0=0.014 dev=0.473 | EVAL loss=0.09152 w0=0.012 dev=0.482 | 0.66s/step | epoch 4 | 16:22:29
step   5870 | loss=0.15802 w0=0.014 dev=0.473 | EVAL loss=0.09152 w0=0.013 dev=0.481 | 0.66s/step | epoch 4 | 16:22:35
step   5880 | loss=0.15804 w0=0.014 dev=0.473 | EVAL loss=0.09153 w0=0.011 dev=0.482 | 0.67s/step | epoch 4 | 16:22:42
step   5890 | loss=0.15806 w0=0.014 dev=0.473 | EVAL loss=0.09148 w0=0.012 dev=0.481 | 0.66s/step | epoch 4 | 16:22:49
step   5900 | loss=0.15803 w0=0.014 dev=0.473 | EVAL loss=0.09147 w0=0.012 dev=0.481 | 0.65s/step | epoch 4 | 16:22:55
step   5910 | loss=0.15807 w0=0.014 dev=0.473 | EVAL loss=0.09149 w0=0.011 dev=0.482 | 0.65s/step | epoch 4 | 16:23:01
step   5920 | loss=0.15810 w0=0.014 dev=0.473 | EVAL loss=0.09148 w0=0.010 dev=0.483 | 0.65s/step | epoch 4 | 16:23:08
step   5930 | loss=0.15810 w0=0.014 dev=0.473 | EVAL loss=0.09148 w0=0.011 dev=0.482 | 0.65s/step | epoch 4 | 16:23:14
step   5940 | loss=0.15807 w0=0.014 dev=0.473 | EVAL loss=0.09147 w0=0.010 dev=0.482 | 0.65s/step | epoch 4 | 16:23:21
step   5950 | loss=0.15810 w0=0.014 dev=0.473 | EVAL loss=0.09148 w0=0.007 dev=0.485 | 0.65s/step | epoch 4 | 16:23:27
step   5960 | loss=0.15812 w0=0.014 dev=0.473 | EVAL loss=0.09151 w0=0.007 dev=0.485 | 0.65s/step | epoch 4 | 16:23:34
step   5970 | loss=0.15817 w0=0.014 dev=0.473 | EVAL loss=0.09146 w0=0.009 dev=0.484 | 0.65s/step | epoch 4 | 16:23:40
step   5980 | loss=0.15811 w0=0.014 dev=0.473 | EVAL loss=0.09143 w0=0.011 dev=0.482 | 0.65s/step | epoch 4 | 16:23:47
step   5990 | loss=0.15808 w0=0.014 dev=0.473 | EVAL loss=0.09145 w0=0.011 dev=0.482 | 0.65s/step | epoch 4 | 16:23:53
step   6000 | loss=0.15807 w0=0.014 dev=0.473 | EVAL loss=0.09149 w0=0.009 dev=0.483 | 0.66s/step | epoch 4 | 16:24:00
  checkpoint saved at step 6000 -> /root/autodl-tmp/afa-assets/output/paper_run_group1_10k
step   6010 | loss=0.15806 w0=0.014 dev=0.473 | EVAL loss=0.09151 w0=0.008 dev=0.484 | 0.69s/step | epoch 4 | 16:24:07
step   6020 | loss=0.15810 w0=0.014 dev=0.473 | EVAL loss=0.09149 w0=0.008 dev=0.484 | 0.65s/step | epoch 4 | 16:24:13
step   6030 | loss=0.15813 w0=0.014 dev=0.473 | EVAL loss=0.09144 w0=0.008 dev=0.484 | 0.66s/step | epoch 4 | 16:24:20
step   6040 | loss=0.15812 w0=0.014 dev=0.473 | EVAL loss=0.09144 w0=0.012 dev=0.481 | 0.65s/step | epoch 4 | 16:24:26
step   6050 | loss=0.15809 w0=0.014 dev=0.473 | EVAL loss=0.09144 w0=0.011 dev=0.482 | 0.65s/step | epoch 4 | 16:24:33
step   6060 | loss=0.15812 w0=0.014 dev=0.473 | EVAL loss=0.09144 w0=0.011 dev=0.482 | 0.65s/step | epoch 4 | 16:24:39
step   6070 | loss=0.15811 w0=0.014 dev=0.473 | EVAL loss=0.09142 w0=0.013 dev=0.481 | 0.65s/step | epoch 4 | 16:24:46
step   6080 | loss=0.15815 w0=0.014 dev=0.473 | EVAL loss=0.09142 w0=0.016 dev=0.478 | 0.65s/step | epoch 4 | 16:24:52
step   6090 | loss=0.15815 w0=0.014 dev=0.473 | EVAL loss=0.09140 w0=0.016 dev=0.478 | 0.65s/step | epoch 4 | 16:24:59
step   6100 | loss=0.15809 w0=0.014 dev=0.473 | EVAL loss=0.09139 w0=0.013 dev=0.480 | 0.65s/step | epoch 4 | 16:25:05
step   6110 | loss=0.15809 w0=0.014 dev=0.473 | EVAL loss=0.09134 w0=0.013 dev=0.479 | 0.65s/step | epoch 4 | 16:25:12
step   6120 | loss=0.15810 w0=0.014 dev=0.473 | EVAL loss=0.09133 w0=0.012 dev=0.481 | 0.65s/step | epoch 4 | 16:25:18
step   6130 | loss=0.15813 w0=0.014 dev=0.473 | EVAL loss=0.09136 w0=0.012 dev=0.482 | 0.65s/step | epoch 4 | 16:25:25
step   6140 | loss=0.15817 w0=0.014 dev=0.473 | EVAL loss=0.09136 w0=0.010 dev=0.483 | 0.66s/step | epoch 4 | 16:25:31
step   6150 | loss=0.15815 w0=0.014 dev=0.473 | EVAL loss=0.09133 w0=0.008 dev=0.484 | 0.65s/step | epoch 4 | 16:25:38
step   6160 | loss=0.15813 w0=0.014 dev=0.473 | EVAL loss=0.09132 w0=0.009 dev=0.483 | 0.65s/step | epoch 4 | 16:25:44
step   6170 | loss=0.15811 w0=0.014 dev=0.473 | EVAL loss=0.09130 w0=0.009 dev=0.484 | 0.65s/step | epoch 4 | 16:25:51
step   6180 | loss=0.15811 w0=0.014 dev=0.473 | EVAL loss=0.09133 w0=0.009 dev=0.483 | 0.65s/step | epoch 4 | 16:25:57
step   6190 | loss=0.15812 w0=0.014 dev=0.473 | EVAL loss=0.09133 w0=0.010 dev=0.483 | 0.65s/step | epoch 4 | 16:26:04
step   6200 | loss=0.15814 w0=0.014 dev=0.473 | EVAL loss=0.09132 w0=0.009 dev=0.484 | 0.65s/step | epoch 4 | 16:26:10
step   6210 | loss=0.15816 w0=0.014 dev=0.473 | EVAL loss=0.09135 w0=0.008 dev=0.484 | 0.65s/step | epoch 4 | 16:26:17
step   6220 | loss=0.15817 w0=0.014 dev=0.473 | EVAL loss=0.09136 w0=0.009 dev=0.483 | 0.66s/step | epoch 4 | 16:26:23
step   6230 | loss=0.15820 w0=0.014 dev=0.473 | EVAL loss=0.09135 w0=0.010 dev=0.482 | 0.66s/step | epoch 4 | 16:26:30
step   6240 | loss=0.15820 w0=0.014 dev=0.473 | EVAL loss=0.09139 w0=0.009 dev=0.483 | 0.67s/step | epoch 4 | 16:26:37
step   6250 | loss=0.15819 w0=0.014 dev=0.473 | EVAL loss=0.09134 w0=0.010 dev=0.483 | 0.65s/step | epoch 4 | 16:26:43
step   6260 | loss=0.15819 w0=0.014 dev=0.473 | EVAL loss=0.09130 w0=0.012 dev=0.481 | 0.88s/step | epoch 5 | 16:26:52
step   6270 | loss=0.15820 w0=0.014 dev=0.473 | EVAL loss=0.09129 w0=0.013 dev=0.481 | 0.65s/step | epoch 5 | 16:26:58
step   6280 | loss=0.15818 w0=0.014 dev=0.473 | EVAL loss=0.09131 w0=0.013 dev=0.482 | 0.65s/step | epoch 5 | 16:27:05
step   6290 | loss=0.15816 w0=0.014 dev=0.473 | EVAL loss=0.09133 w0=0.011 dev=0.482 | 0.65s/step | epoch 5 | 16:27:12
step   6300 | loss=0.15822 w0=0.014 dev=0.473 | EVAL loss=0.09136 w0=0.011 dev=0.483 | 0.65s/step | epoch 5 | 16:27:18
step   6310 | loss=0.15822 w0=0.014 dev=0.473 | EVAL loss=0.09141 w0=0.012 dev=0.483 | 0.65s/step | epoch 5 | 16:27:25
step   6320 | loss=0.15820 w0=0.014 dev=0.473 | EVAL loss=0.09139 w0=0.014 dev=0.481 | 0.67s/step | epoch 5 | 16:27:31
step   6330 | loss=0.15823 w0=0.014 dev=0.473 | EVAL loss=0.09138 w0=0.013 dev=0.482 | 0.65s/step | epoch 5 | 16:27:38
step   6340 | loss=0.15820 w0=0.014 dev=0.473 | EVAL loss=0.09135 w0=0.014 dev=0.482 | 0.66s/step | epoch 5 | 16:27:44
step   6350 | loss=0.15818 w0=0.014 dev=0.473 | EVAL loss=0.09133 w0=0.016 dev=0.480 | 0.66s/step | epoch 5 | 16:27:51
step   6360 | loss=0.15813 w0=0.014 dev=0.473 | EVAL loss=0.09134 w0=0.015 dev=0.481 | 0.65s/step | epoch 5 | 16:27:58
step   6370 | loss=0.15809 w0=0.014 dev=0.473 | EVAL loss=0.09136 w0=0.013 dev=0.482 | 0.66s/step | epoch 5 | 16:28:04
step   6380 | loss=0.15810 w0=0.014 dev=0.473 | EVAL loss=0.09138 w0=0.011 dev=0.484 | 0.66s/step | epoch 5 | 16:28:11
step   6390 | loss=0.15807 w0=0.014 dev=0.473 | EVAL loss=0.09143 w0=0.013 dev=0.482 | 0.66s/step | epoch 5 | 16:28:17
step   6400 | loss=0.15809 w0=0.014 dev=0.473 | EVAL loss=0.09144 w0=0.014 dev=0.480 | 0.66s/step | epoch 5 | 16:28:24
step   6410 | loss=0.15807 w0=0.014 dev=0.473 | EVAL loss=0.09144 w0=0.017 dev=0.477 | 0.66s/step | epoch 5 | 16:28:30
step   6420 | loss=0.15808 w0=0.014 dev=0.473 | EVAL loss=0.09142 w0=0.013 dev=0.479 | 0.65s/step | epoch 5 | 16:28:37
step   6430 | loss=0.15806 w0=0.014 dev=0.473 | EVAL loss=0.09140 w0=0.009 dev=0.483 | 0.65s/step | epoch 5 | 16:28:44
step   6440 | loss=0.15809 w0=0.014 dev=0.473 | EVAL loss=0.09139 w0=0.010 dev=0.482 | 0.65s/step | epoch 5 | 16:28:50
step   6450 | loss=0.15810 w0=0.014 dev=0.473 | EVAL loss=0.09135 w0=0.010 dev=0.481 | 0.65s/step | epoch 5 | 16:28:57
step   6460 | loss=0.15812 w0=0.014 dev=0.473 | EVAL loss=0.09132 w0=0.010 dev=0.482 | 0.65s/step | epoch 5 | 16:29:03
step   6470 | loss=0.15807 w0=0.014 dev=0.473 | EVAL loss=0.09136 w0=0.011 dev=0.482 | 0.65s/step | epoch 5 | 16:29:10
step   6480 | loss=0.15803 w0=0.014 dev=0.473 | EVAL loss=0.09140 w0=0.013 dev=0.481 | 0.65s/step | epoch 5 | 16:29:16
step   6490 | loss=0.15806 w0=0.014 dev=0.473 | EVAL loss=0.09144 w0=0.011 dev=0.483 | 0.65s/step | epoch 5 | 16:29:22
step   6500 | loss=0.15807 w0=0.014 dev=0.473 | EVAL loss=0.09144 w0=0.010 dev=0.483 | 0.65s/step | epoch 5 | 16:29:29
  checkpoint saved at step 6500 -> /root/autodl-tmp/afa-assets/output/paper_run_group1_10k
step   6510 | loss=0.15807 w0=0.014 dev=0.473 | EVAL loss=0.09146 w0=0.010 dev=0.483 | 0.68s/step | epoch 5 | 16:29:36
step   6520 | loss=0.15805 w0=0.014 dev=0.473 | EVAL loss=0.09142 w0=0.011 dev=0.482 | 0.65s/step | epoch 5 | 16:29:42
step   6530 | loss=0.15800 w0=0.014 dev=0.473 | EVAL loss=0.09138 w0=0.012 dev=0.480 | 0.65s/step | epoch 5 | 16:29:49
step   6540 | loss=0.15797 w0=0.014 dev=0.473 | EVAL loss=0.09140 w0=0.012 dev=0.481 | 0.65s/step | epoch 5 | 16:29:55
step   6550 | loss=0.15793 w0=0.014 dev=0.473 | EVAL loss=0.09141 w0=0.010 dev=0.483 | 0.64s/step | epoch 5 | 16:30:02
step   6560 | loss=0.15790 w0=0.014 dev=0.473 | EVAL loss=0.09139 w0=0.010 dev=0.483 | 0.65s/step | epoch 5 | 16:30:08
step   6570 | loss=0.15786 w0=0.014 dev=0.473 | EVAL loss=0.09137 w0=0.013 dev=0.481 | 0.64s/step | epoch 5 | 16:30:14
step   6580 | loss=0.15786 w0=0.014 dev=0.473 | EVAL loss=0.09140 w0=0.014 dev=0.480 | 0.65s/step | epoch 5 | 16:30:21
step   6590 | loss=0.15787 w0=0.014 dev=0.473 | EVAL loss=0.09140 w0=0.014 dev=0.479 | 0.65s/step | epoch 5 | 16:30:27
step   6600 | loss=0.15792 w0=0.014 dev=0.473 | EVAL loss=0.09144 w0=0.014 dev=0.479 | 0.65s/step | epoch 5 | 16:30:34
step   6610 | loss=0.15794 w0=0.014 dev=0.473 | EVAL loss=0.09149 w0=0.012 dev=0.481 | 0.66s/step | epoch 5 | 16:30:40
step   6620 | loss=0.15799 w0=0.014 dev=0.473 | EVAL loss=0.09150 w0=0.011 dev=0.482 | 0.65s/step | epoch 5 | 16:30:47
step   6630 | loss=0.15803 w0=0.014 dev=0.473 | EVAL loss=0.09146 w0=0.010 dev=0.483 | 0.65s/step | epoch 5 | 16:30:53
step   6640 | loss=0.15799 w0=0.014 dev=0.473 | EVAL loss=0.09143 w0=0.009 dev=0.483 | 0.65s/step | epoch 5 | 16:31:00
step   6650 | loss=0.15798 w0=0.014 dev=0.473 | EVAL loss=0.09145 w0=0.009 dev=0.484 | 0.65s/step | epoch 5 | 16:31:06
step   6660 | loss=0.15798 w0=0.014 dev=0.473 | EVAL loss=0.09145 w0=0.009 dev=0.484 | 0.65s/step | epoch 5 | 16:31:13
step   6670 | loss=0.15797 w0=0.014 dev=0.473 | EVAL loss=0.09144 w0=0.009 dev=0.483 | 0.65s/step | epoch 5 | 16:31:19
step   6680 | loss=0.15790 w0=0.014 dev=0.473 | EVAL loss=0.09145 w0=0.010 dev=0.481 | 0.66s/step | epoch 5 | 16:31:26
step   6690 | loss=0.15790 w0=0.014 dev=0.474 | EVAL loss=0.09143 w0=0.011 dev=0.481 | 0.66s/step | epoch 5 | 16:31:33
step   6700 | loss=0.15789 w0=0.014 dev=0.474 | EVAL loss=0.09144 w0=0.009 dev=0.483 | 0.66s/step | epoch 5 | 16:31:39
step   6710 | loss=0.15791 w0=0.014 dev=0.474 | EVAL loss=0.09143 w0=0.008 dev=0.483 | 0.65s/step | epoch 5 | 16:31:46
step   6720 | loss=0.15793 w0=0.014 dev=0.474 | EVAL loss=0.09143 w0=0.008 dev=0.484 | 0.65s/step | epoch 5 | 16:31:52
step   6730 | loss=0.15794 w0=0.014 dev=0.474 | EVAL loss=0.09141 w0=0.008 dev=0.483 | 0.65s/step | epoch 5 | 16:31:59
step   6740 | loss=0.15797 w0=0.014 dev=0.474 | EVAL loss=0.09136 w0=0.008 dev=0.483 | 0.65s/step | epoch 5 | 16:32:05
step   6750 | loss=0.15797 w0=0.014 dev=0.474 | EVAL loss=0.09139 w0=0.008 dev=0.482 | 0.66s/step | epoch 5 | 16:32:12
step   6760 | loss=0.15802 w0=0.014 dev=0.474 | EVAL loss=0.09142 w0=0.008 dev=0.483 | 0.65s/step | epoch 5 | 16:32:18
step   6770 | loss=0.15804 w0=0.014 dev=0.474 | EVAL loss=0.09142 w0=0.008 dev=0.484 | 0.67s/step | epoch 5 | 16:32:25
step   6780 | loss=0.15807 w0=0.014 dev=0.474 | EVAL loss=0.09139 w0=0.008 dev=0.485 | 0.65s/step | epoch 5 | 16:32:31
step   6790 | loss=0.15809 w0=0.014 dev=0.474 | EVAL loss=0.09136 w0=0.010 dev=0.482 | 0.65s/step | epoch 5 | 16:32:38
step   6800 | loss=0.15812 w0=0.014 dev=0.474 | EVAL loss=0.09140 w0=0.012 dev=0.481 | 0.65s/step | epoch 5 | 16:32:44
step   6810 | loss=0.15820 w0=0.014 dev=0.474 | EVAL loss=0.09140 w0=0.012 dev=0.481 | 0.65s/step | epoch 5 | 16:32:51
step   6820 | loss=0.15819 w0=0.014 dev=0.474 | EVAL loss=0.09142 w0=0.012 dev=0.482 | 0.65s/step | epoch 5 | 16:32:57
step   6830 | loss=0.15821 w0=0.014 dev=0.474 | EVAL loss=0.09145 w0=0.014 dev=0.481 | 0.65s/step | epoch 5 | 16:33:04
step   6840 | loss=0.15825 w0=0.014 dev=0.474 | EVAL loss=0.09148 w0=0.012 dev=0.483 | 0.66s/step | epoch 5 | 16:33:10
step   6850 | loss=0.15828 w0=0.014 dev=0.474 | EVAL loss=0.09149 w0=0.011 dev=0.483 | 0.65s/step | epoch 5 | 16:33:17
step   6860 | loss=0.15828 w0=0.014 dev=0.474 | EVAL loss=0.09145 w0=0.011 dev=0.482 | 0.65s/step | epoch 5 | 16:33:23
step   6870 | loss=0.15827 w0=0.014 dev=0.474 | EVAL loss=0.09145 w0=0.012 dev=0.482 | 0.65s/step | epoch 5 | 16:33:30
step   6880 | loss=0.15830 w0=0.014 dev=0.474 | EVAL loss=0.09146 w0=0.012 dev=0.484 | 0.65s/step | epoch 5 | 16:33:36
step   6890 | loss=0.15834 w0=0.014 dev=0.474 | EVAL loss=0.09146 w0=0.012 dev=0.484 | 0.65s/step | epoch 5 | 16:33:43
step   6900 | loss=0.15834 w0=0.014 dev=0.474 | EVAL loss=0.09150 w0=0.012 dev=0.482 | 0.65s/step | epoch 5 | 16:33:49
step   6910 | loss=0.15837 w0=0.014 dev=0.474 | EVAL loss=0.09147 w0=0.012 dev=0.482 | 0.65s/step | epoch 5 | 16:33:55
step   6920 | loss=0.15837 w0=0.014 dev=0.474 | EVAL loss=0.09147 w0=0.011 dev=0.482 | 0.65s/step | epoch 5 | 16:34:02
step   6930 | loss=0.15837 w0=0.014 dev=0.474 | EVAL loss=0.09145 w0=0.013 dev=0.481 | 0.65s/step | epoch 5 | 16:34:08
step   6940 | loss=0.15834 w0=0.014 dev=0.474 | EVAL loss=0.09139 w0=0.017 dev=0.479 | 0.65s/step | epoch 5 | 16:34:15
step   6950 | loss=0.15834 w0=0.014 dev=0.474 | EVAL loss=0.09140 w0=0.016 dev=0.480 | 0.65s/step | epoch 5 | 16:34:21
step   6960 | loss=0.15830 w0=0.014 dev=0.474 | EVAL loss=0.09142 w0=0.013 dev=0.482 | 0.65s/step | epoch 5 | 16:34:28
step   6970 | loss=0.15830 w0=0.014 dev=0.474 | EVAL loss=0.09140 w0=0.012 dev=0.483 | 0.65s/step | epoch 5 | 16:34:34
step   6980 | loss=0.15828 w0=0.014 dev=0.474 | EVAL loss=0.09138 w0=0.012 dev=0.484 | 0.65s/step | epoch 5 | 16:34:41
step   6990 | loss=0.15833 w0=0.014 dev=0.474 | EVAL loss=0.09138 w0=0.013 dev=0.483 | 0.65s/step | epoch 5 | 16:34:47
step   7000 | loss=0.15835 w0=0.014 dev=0.474 | EVAL loss=0.09135 w0=0.014 dev=0.482 | 0.65s/step | epoch 5 | 16:34:54
  checkpoint saved at step 7000 -> /root/autodl-tmp/afa-assets/output/paper_run_group1_10k
step   7010 | loss=0.15834 w0=0.014 dev=0.474 | EVAL loss=0.09134 w0=0.015 dev=0.480 | 0.72s/step | epoch 5 | 16:35:01
step   7020 | loss=0.15834 w0=0.014 dev=0.474 | EVAL loss=0.09141 w0=0.013 dev=0.481 | 0.65s/step | epoch 5 | 16:35:07
step   7030 | loss=0.15832 w0=0.014 dev=0.474 | EVAL loss=0.09138 w0=0.011 dev=0.484 | 0.65s/step | epoch 5 | 16:35:14
step   7040 | loss=0.15831 w0=0.014 dev=0.474 | EVAL loss=0.09140 w0=0.009 dev=0.485 | 0.65s/step | epoch 5 | 16:35:20
step   7050 | loss=0.15834 w0=0.014 dev=0.474 | EVAL loss=0.09147 w0=0.008 dev=0.485 | 0.65s/step | epoch 5 | 16:35:27
step   7060 | loss=0.15831 w0=0.014 dev=0.474 | EVAL loss=0.09143 w0=0.008 dev=0.484 | 0.65s/step | epoch 5 | 16:35:33
step   7070 | loss=0.15827 w0=0.014 dev=0.474 | EVAL loss=0.09138 w0=0.009 dev=0.484 | 0.65s/step | epoch 5 | 16:35:40
step   7080 | loss=0.15822 w0=0.014 dev=0.474 | EVAL loss=0.09128 w0=0.010 dev=0.483 | 0.65s/step | epoch 5 | 16:35:46
step   7090 | loss=0.15824 w0=0.014 dev=0.474 | EVAL loss=0.09125 w0=0.008 dev=0.485 | 0.65s/step | epoch 5 | 16:35:53
step   7100 | loss=0.15824 w0=0.014 dev=0.474 | EVAL loss=0.09128 w0=0.008 dev=0.485 | 0.65s/step | epoch 5 | 16:35:59
step   7110 | loss=0.15823 w0=0.014 dev=0.474 | EVAL loss=0.09130 w0=0.009 dev=0.485 | 0.65s/step | epoch 5 | 16:36:06
step   7120 | loss=0.15825 w0=0.014 dev=0.474 | EVAL loss=0.09128 w0=0.008 dev=0.486 | 0.65s/step | epoch 5 | 16:36:12
step   7130 | loss=0.15820 w0=0.014 dev=0.474 | EVAL loss=0.09131 w0=0.009 dev=0.485 | 0.66s/step | epoch 5 | 16:36:19
step   7140 | loss=0.15819 w0=0.014 dev=0.474 | EVAL loss=0.09132 w0=0.011 dev=0.484 | 0.65s/step | epoch 5 | 16:36:25
step   7150 | loss=0.15818 w0=0.014 dev=0.474 | EVAL loss=0.09133 w0=0.011 dev=0.483 | 0.65s/step | epoch 5 | 16:36:32
step   7160 | loss=0.15819 w0=0.014 dev=0.474 | EVAL loss=0.09133 w0=0.009 dev=0.485 | 0.65s/step | epoch 5 | 16:36:38
step   7170 | loss=0.15821 w0=0.014 dev=0.474 | EVAL loss=0.09132 w0=0.010 dev=0.485 | 0.65s/step | epoch 5 | 16:36:45
step   7180 | loss=0.15819 w0=0.014 dev=0.474 | EVAL loss=0.09134 w0=0.011 dev=0.484 | 0.65s/step | epoch 5 | 16:36:51
step   7190 | loss=0.15816 w0=0.014 dev=0.474 | EVAL loss=0.09137 w0=0.010 dev=0.484 | 0.65s/step | epoch 5 | 16:36:57
step   7200 | loss=0.15816 w0=0.014 dev=0.474 | EVAL loss=0.09138 w0=0.011 dev=0.483 | 0.65s/step | epoch 5 | 16:37:04
step   7210 | loss=0.15819 w0=0.014 dev=0.474 | EVAL loss=0.09137 w0=0.014 dev=0.481 | 0.65s/step | epoch 5 | 16:37:10
step   7220 | loss=0.15824 w0=0.014 dev=0.474 | EVAL loss=0.09138 w0=0.012 dev=0.482 | 0.65s/step | epoch 5 | 16:37:17
step   7230 | loss=0.15825 w0=0.014 dev=0.474 | EVAL loss=0.09136 w0=0.011 dev=0.482 | 0.65s/step | epoch 5 | 16:37:23
step   7240 | loss=0.15821 w0=0.014 dev=0.474 | EVAL loss=0.09132 w0=0.012 dev=0.482 | 0.65s/step | epoch 5 | 16:37:30
step   7250 | loss=0.15825 w0=0.014 dev=0.474 | EVAL loss=0.09129 w0=0.013 dev=0.483 | 0.65s/step | epoch 5 | 16:37:36
step   7260 | loss=0.15826 w0=0.014 dev=0.474 | EVAL loss=0.09130 w0=0.014 dev=0.482 | 0.65s/step | epoch 5 | 16:37:43
step   7270 | loss=0.15828 w0=0.014 dev=0.474 | EVAL loss=0.09134 w0=0.018 dev=0.479 | 0.65s/step | epoch 5 | 16:37:49
step   7280 | loss=0.15827 w0=0.014 dev=0.474 | EVAL loss=0.09136 w0=0.014 dev=0.481 | 0.65s/step | epoch 5 | 16:37:56
step   7290 | loss=0.15826 w0=0.014 dev=0.474 | EVAL loss=0.09143 w0=0.011 dev=0.483 | 0.65s/step | epoch 5 | 16:38:02
step   7300 | loss=0.15824 w0=0.014 dev=0.474 | EVAL loss=0.09138 w0=0.013 dev=0.482 | 0.65s/step | epoch 5 | 16:38:09
step   7310 | loss=0.15823 w0=0.014 dev=0.474 | EVAL loss=0.09138 w0=0.012 dev=0.482 | 0.65s/step | epoch 5 | 16:38:15
step   7320 | loss=0.15821 w0=0.014 dev=0.474 | EVAL loss=0.09138 w0=0.011 dev=0.483 | 0.65s/step | epoch 5 | 16:38:22
step   7330 | loss=0.15825 w0=0.014 dev=0.474 | EVAL loss=0.09133 w0=0.011 dev=0.482 | 0.65s/step | epoch 5 | 16:38:28
step   7340 | loss=0.15824 w0=0.014 dev=0.474 | EVAL loss=0.09132 w0=0.012 dev=0.481 | 0.65s/step | epoch 5 | 16:38:35
step   7350 | loss=0.15822 w0=0.014 dev=0.474 | EVAL loss=0.09134 w0=0.011 dev=0.482 | 0.65s/step | epoch 5 | 16:38:41
step   7360 | loss=0.15822 w0=0.014 dev=0.474 | EVAL loss=0.09130 w0=0.013 dev=0.481 | 0.65s/step | epoch 5 | 16:38:48
step   7370 | loss=0.15824 w0=0.014 dev=0.474 | EVAL loss=0.09130 w0=0.011 dev=0.483 | 0.65s/step | epoch 5 | 16:38:54
step   7380 | loss=0.15825 w0=0.014 dev=0.474 | EVAL loss=0.09136 w0=0.009 dev=0.484 | 0.65s/step | epoch 5 | 16:39:01
step   7390 | loss=0.15825 w0=0.014 dev=0.474 | EVAL loss=0.09135 w0=0.010 dev=0.482 | 0.66s/step | epoch 5 | 16:39:07
step   7400 | loss=0.15826 w0=0.014 dev=0.474 | EVAL loss=0.09133 w0=0.011 dev=0.482 | 0.65s/step | epoch 5 | 16:39:14
step   7410 | loss=0.15823 w0=0.014 dev=0.474 | EVAL loss=0.09135 w0=0.012 dev=0.483 | 0.65s/step | epoch 5 | 16:39:20
step   7420 | loss=0.15824 w0=0.014 dev=0.474 | EVAL loss=0.09133 w0=0.014 dev=0.481 | 0.65s/step | epoch 5 | 16:39:27
step   7430 | loss=0.15822 w0=0.014 dev=0.474 | EVAL loss=0.09133 w0=0.013 dev=0.481 | 0.65s/step | epoch 5 | 16:39:33
step   7440 | loss=0.15824 w0=0.014 dev=0.474 | EVAL loss=0.09136 w0=0.011 dev=0.482 | 0.65s/step | epoch 5 | 16:39:40
step   7450 | loss=0.15822 w0=0.014 dev=0.474 | EVAL loss=0.09138 w0=0.010 dev=0.484 | 0.65s/step | epoch 5 | 16:39:46
step   7460 | loss=0.15821 w0=0.014 dev=0.474 | EVAL loss=0.09138 w0=0.011 dev=0.483 | 0.65s/step | epoch 5 | 16:39:53
step   7470 | loss=0.15821 w0=0.014 dev=0.474 | EVAL loss=0.09140 w0=0.011 dev=0.482 | 0.66s/step | epoch 5 | 16:39:59
step   7480 | loss=0.15821 w0=0.014 dev=0.474 | EVAL loss=0.09140 w0=0.011 dev=0.483 | 0.66s/step | epoch 5 | 16:40:06
step   7490 | loss=0.15822 w0=0.014 dev=0.474 | EVAL loss=0.09138 w0=0.011 dev=0.483 | 0.66s/step | epoch 5 | 16:40:12
step   7500 | loss=0.15821 w0=0.014 dev=0.474 | EVAL loss=0.09135 w0=0.010 dev=0.484 | 0.65s/step | epoch 5 | 16:40:19
  checkpoint saved at step 7500 -> /root/autodl-tmp/afa-assets/output/paper_run_group1_10k
step   7510 | loss=0.15818 w0=0.014 dev=0.474 | EVAL loss=0.09131 w0=0.010 dev=0.484 | 0.88s/step | epoch 6 | 16:40:28
step   7520 | loss=0.15818 w0=0.014 dev=0.474 | EVAL loss=0.09132 w0=0.010 dev=0.484 | 0.65s/step | epoch 6 | 16:40:34
step   7530 | loss=0.15817 w0=0.014 dev=0.474 | EVAL loss=0.09135 w0=0.009 dev=0.484 | 0.65s/step | epoch 6 | 16:40:41
step   7540 | loss=0.15815 w0=0.014 dev=0.474 | EVAL loss=0.09128 w0=0.011 dev=0.483 | 0.65s/step | epoch 6 | 16:40:47
step   7550 | loss=0.15815 w0=0.014 dev=0.474 | EVAL loss=0.09123 w0=0.013 dev=0.482 | 0.65s/step | epoch 6 | 16:40:54
step   7560 | loss=0.15816 w0=0.014 dev=0.474 | EVAL loss=0.09128 w0=0.012 dev=0.483 | 0.65s/step | epoch 6 | 16:41:00
step   7570 | loss=0.15816 w0=0.014 dev=0.474 | EVAL loss=0.09133 w0=0.010 dev=0.484 | 0.66s/step | epoch 6 | 16:41:07
step   7580 | loss=0.15817 w0=0.014 dev=0.474 | EVAL loss=0.09135 w0=0.010 dev=0.483 | 0.65s/step | epoch 6 | 16:41:13
step   7590 | loss=0.15814 w0=0.014 dev=0.474 | EVAL loss=0.09131 w0=0.011 dev=0.484 | 0.65s/step | epoch 6 | 16:41:20
step   7600 | loss=0.15814 w0=0.014 dev=0.474 | EVAL loss=0.09136 w0=0.014 dev=0.480 | 0.65s/step | epoch 6 | 16:41:26
step   7610 | loss=0.15809 w0=0.014 dev=0.474 | EVAL loss=0.09142 w0=0.013 dev=0.481 | 0.65s/step | epoch 6 | 16:41:33
step   7620 | loss=0.15806 w0=0.014 dev=0.474 | EVAL loss=0.09143 w0=0.010 dev=0.483 | 0.66s/step | epoch 6 | 16:41:39
step   7630 | loss=0.15803 w0=0.014 dev=0.474 | EVAL loss=0.09141 w0=0.010 dev=0.483 | 0.65s/step | epoch 6 | 16:41:46
step   7640 | loss=0.15802 w0=0.014 dev=0.474 | EVAL loss=0.09140 w0=0.011 dev=0.483 | 0.65s/step | epoch 6 | 16:41:52
step   7650 | loss=0.15800 w0=0.014 dev=0.474 | EVAL loss=0.09136 w0=0.011 dev=0.481 | 0.65s/step | epoch 6 | 16:41:59
step   7660 | loss=0.15804 w0=0.014 dev=0.474 | EVAL loss=0.09134 w0=0.012 dev=0.481 | 0.65s/step | epoch 6 | 16:42:05
step   7670 | loss=0.15803 w0=0.014 dev=0.474 | EVAL loss=0.09130 w0=0.013 dev=0.480 | 0.65s/step | epoch 6 | 16:42:12
step   7680 | loss=0.15802 w0=0.014 dev=0.474 | EVAL loss=0.09129 w0=0.013 dev=0.481 | 0.65s/step | epoch 6 | 16:42:18
step   7690 | loss=0.15801 w0=0.014 dev=0.474 | EVAL loss=0.09131 w0=0.012 dev=0.483 | 0.66s/step | epoch 6 | 16:42:25
step   7700 | loss=0.15801 w0=0.014 dev=0.474 | EVAL loss=0.09130 w0=0.013 dev=0.483 | 0.65s/step | epoch 6 | 16:42:31
step   7710 | loss=0.15803 w0=0.014 dev=0.474 | EVAL loss=0.09130 w0=0.014 dev=0.481 | 0.65s/step | epoch 6 | 16:42:38
step   7720 | loss=0.15803 w0=0.014 dev=0.474 | EVAL loss=0.09129 w0=0.018 dev=0.478 | 0.65s/step | epoch 6 | 16:42:44
step   7730 | loss=0.15804 w0=0.014 dev=0.474 | EVAL loss=0.09129 w0=0.017 dev=0.479 | 0.65s/step | epoch 6 | 16:42:51
step   7740 | loss=0.15803 w0=0.014 dev=0.474 | EVAL loss=0.09132 w0=0.014 dev=0.481 | 0.65s/step | epoch 6 | 16:42:57
step   7750 | loss=0.15801 w0=0.014 dev=0.474 | EVAL loss=0.09133 w0=0.013 dev=0.483 | 0.65s/step | epoch 6 | 16:43:03
step   7760 | loss=0.15804 w0=0.014 dev=0.474 | EVAL loss=0.09138 w0=0.013 dev=0.484 | 0.65s/step | epoch 6 | 16:43:10
step   7770 | loss=0.15801 w0=0.014 dev=0.474 | EVAL loss=0.09138 w0=0.012 dev=0.483 | 0.65s/step | epoch 6 | 16:43:16
step   7780 | loss=0.15800 w0=0.014 dev=0.474 | EVAL loss=0.09135 w0=0.013 dev=0.482 | 0.65s/step | epoch 6 | 16:43:23
step   7790 | loss=0.15799 w0=0.014 dev=0.474 | EVAL loss=0.09134 w0=0.013 dev=0.481 | 0.65s/step | epoch 6 | 16:43:29
step   7800 | loss=0.15798 w0=0.014 dev=0.474 | EVAL loss=0.09133 w0=0.013 dev=0.483 | 0.65s/step | epoch 6 | 16:43:36
step   7810 | loss=0.15798 w0=0.014 dev=0.474 | EVAL loss=0.09137 w0=0.011 dev=0.485 | 0.66s/step | epoch 6 | 16:43:42
step   7820 | loss=0.15797 w0=0.014 dev=0.474 | EVAL loss=0.09136 w0=0.011 dev=0.485 | 0.66s/step | epoch 6 | 16:43:49
step   7830 | loss=0.15801 w0=0.014 dev=0.474 | EVAL loss=0.09135 w0=0.011 dev=0.484 | 0.65s/step | epoch 6 | 16:43:56
step   7840 | loss=0.15801 w0=0.014 dev=0.474 | EVAL loss=0.09134 w0=0.012 dev=0.482 | 0.65s/step | epoch 6 | 16:44:02
step   7850 | loss=0.15802 w0=0.014 dev=0.474 | EVAL loss=0.09135 w0=0.015 dev=0.481 | 0.65s/step | epoch 6 | 16:44:08
step   7860 | loss=0.15802 w0=0.014 dev=0.474 | EVAL loss=0.09134 w0=0.016 dev=0.481 | 0.66s/step | epoch 6 | 16:44:15
step   7870 | loss=0.15801 w0=0.014 dev=0.474 | EVAL loss=0.09134 w0=0.014 dev=0.482 | 0.65s/step | epoch 6 | 16:44:22
step   7880 | loss=0.15802 w0=0.014 dev=0.474 | EVAL loss=0.09132 w0=0.014 dev=0.482 | 0.65s/step | epoch 6 | 16:44:28
step   7890 | loss=0.15802 w0=0.014 dev=0.474 | EVAL loss=0.09132 w0=0.013 dev=0.482 | 0.65s/step | epoch 6 | 16:44:34
step   7900 | loss=0.15803 w0=0.014 dev=0.474 | EVAL loss=0.09132 w0=0.012 dev=0.482 | 0.65s/step | epoch 6 | 16:44:41
step   7910 | loss=0.15803 w0=0.014 dev=0.474 | EVAL loss=0.09133 w0=0.012 dev=0.482 | 0.65s/step | epoch 6 | 16:44:47
step   7920 | loss=0.15802 w0=0.014 dev=0.474 | EVAL loss=0.09136 w0=0.010 dev=0.483 | 0.65s/step | epoch 6 | 16:44:54
step   7930 | loss=0.15804 w0=0.014 dev=0.474 | EVAL loss=0.09136 w0=0.012 dev=0.481 | 0.65s/step | epoch 6 | 16:45:00
step   7940 | loss=0.15805 w0=0.014 dev=0.474 | EVAL loss=0.09131 w0=0.016 dev=0.479 | 0.65s/step | epoch 6 | 16:45:07
step   7950 | loss=0.15804 w0=0.014 dev=0.475 | EVAL loss=0.09132 w0=0.017 dev=0.479 | 0.65s/step | epoch 6 | 16:45:13
step   7960 | loss=0.15804 w0=0.014 dev=0.475 | EVAL loss=0.09133 w0=0.015 dev=0.480 | 0.65s/step | epoch 6 | 16:45:20
step   7970 | loss=0.15803 w0=0.014 dev=0.475 | EVAL loss=0.09132 w0=0.015 dev=0.481 | 0.65s/step | epoch 6 | 16:45:26
step   7980 | loss=0.15805 w0=0.014 dev=0.475 | EVAL loss=0.09132 w0=0.013 dev=0.483 | 0.65s/step | epoch 6 | 16:45:33
step   7990 | loss=0.15805 w0=0.014 dev=0.475 | EVAL loss=0.09134 w0=0.012 dev=0.484 | 0.65s/step | epoch 6 | 16:45:39
step   8000 | loss=0.15807 w0=0.014 dev=0.475 | EVAL loss=0.09139 w0=0.011 dev=0.483 | 0.65s/step | epoch 6 | 16:45:46
  checkpoint saved at step 8000 -> /root/autodl-tmp/afa-assets/output/paper_run_group1_10k
step   8010 | loss=0.15806 w0=0.014 dev=0.475 | EVAL loss=0.09138 w0=0.012 dev=0.481 | 0.68s/step | epoch 6 | 16:45:52
step   8020 | loss=0.15806 w0=0.014 dev=0.475 | EVAL loss=0.09135 w0=0.015 dev=0.479 | 0.66s/step | epoch 6 | 16:45:59
step   8030 | loss=0.15805 w0=0.014 dev=0.475 | EVAL loss=0.09139 w0=0.012 dev=0.481 | 0.65s/step | epoch 6 | 16:46:05
step   8040 | loss=0.15803 w0=0.014 dev=0.475 | EVAL loss=0.09142 w0=0.009 dev=0.484 | 0.65s/step | epoch 6 | 16:46:12
step   8050 | loss=0.15805 w0=0.014 dev=0.475 | EVAL loss=0.09143 w0=0.009 dev=0.483 | 0.65s/step | epoch 6 | 16:46:18
step   8060 | loss=0.15804 w0=0.014 dev=0.475 | EVAL loss=0.09138 w0=0.010 dev=0.483 | 0.65s/step | epoch 6 | 16:46:25
step   8070 | loss=0.15804 w0=0.014 dev=0.475 | EVAL loss=0.09139 w0=0.012 dev=0.482 | 0.65s/step | epoch 6 | 16:46:31
step   8080 | loss=0.15803 w0=0.014 dev=0.475 | EVAL loss=0.09142 w0=0.013 dev=0.482 | 0.65s/step | epoch 6 | 16:46:38
step   8090 | loss=0.15802 w0=0.014 dev=0.475 | EVAL loss=0.09142 w0=0.013 dev=0.482 | 0.66s/step | epoch 6 | 16:46:44
step   8100 | loss=0.15801 w0=0.014 dev=0.475 | EVAL loss=0.09140 w0=0.013 dev=0.482 | 0.65s/step | epoch 6 | 16:46:51
step   8110 | loss=0.15801 w0=0.014 dev=0.475 | EVAL loss=0.09143 w0=0.012 dev=0.482 | 0.65s/step | epoch 6 | 16:46:57
step   8120 | loss=0.15804 w0=0.014 dev=0.475 | EVAL loss=0.09139 w0=0.013 dev=0.482 | 0.65s/step | epoch 6 | 16:47:04
step   8130 | loss=0.15803 w0=0.014 dev=0.475 | EVAL loss=0.09135 w0=0.014 dev=0.481 | 0.65s/step | epoch 6 | 16:47:10
step   8140 | loss=0.15804 w0=0.014 dev=0.475 | EVAL loss=0.09134 w0=0.013 dev=0.482 | 0.65s/step | epoch 6 | 16:47:17
step   8150 | loss=0.15803 w0=0.014 dev=0.475 | EVAL loss=0.09138 w0=0.012 dev=0.483 | 0.65s/step | epoch 6 | 16:47:23
step   8160 | loss=0.15801 w0=0.014 dev=0.475 | EVAL loss=0.09144 w0=0.011 dev=0.483 | 0.65s/step | epoch 6 | 16:47:30
step   8170 | loss=0.15797 w0=0.014 dev=0.475 | EVAL loss=0.09146 w0=0.012 dev=0.483 | 0.65s/step | epoch 6 | 16:47:36
step   8180 | loss=0.15794 w0=0.014 dev=0.475 | EVAL loss=0.09145 w0=0.011 dev=0.483 | 0.65s/step | epoch 6 | 16:47:43
step   8190 | loss=0.15792 w0=0.014 dev=0.475 | EVAL loss=0.09139 w0=0.012 dev=0.483 | 0.65s/step | epoch 6 | 16:47:49
step   8200 | loss=0.15788 w0=0.014 dev=0.475 | EVAL loss=0.09137 w0=0.010 dev=0.484 | 0.65s/step | epoch 6 | 16:47:56
step   8210 | loss=0.15787 w0=0.014 dev=0.475 | EVAL loss=0.09134 w0=0.011 dev=0.482 | 0.65s/step | epoch 6 | 16:48:02
step   8220 | loss=0.15786 w0=0.014 dev=0.475 | EVAL loss=0.09137 w0=0.011 dev=0.482 | 0.65s/step | epoch 6 | 16:48:09
step   8230 | loss=0.15789 w0=0.014 dev=0.475 | EVAL loss=0.09138 w0=0.010 dev=0.483 | 0.65s/step | epoch 6 | 16:48:15
step   8240 | loss=0.15786 w0=0.014 dev=0.475 | EVAL loss=0.09139 w0=0.009 dev=0.485 | 0.65s/step | epoch 6 | 16:48:21
step   8250 | loss=0.15785 w0=0.014 dev=0.475 | EVAL loss=0.09136 w0=0.010 dev=0.486 | 0.65s/step | epoch 6 | 16:48:28
step   8260 | loss=0.15782 w0=0.014 dev=0.475 | EVAL loss=0.09135 w0=0.011 dev=0.485 | 0.65s/step | epoch 6 | 16:48:34
step   8270 | loss=0.15782 w0=0.014 dev=0.475 | EVAL loss=0.09129 w0=0.012 dev=0.483 | 0.65s/step | epoch 6 | 16:48:41
step   8280 | loss=0.15781 w0=0.014 dev=0.475 | EVAL loss=0.09132 w0=0.013 dev=0.483 | 0.65s/step | epoch 6 | 16:48:47
step   8290 | loss=0.15783 w0=0.014 dev=0.475 | EVAL loss=0.09139 w0=0.013 dev=0.481 | 0.65s/step | epoch 6 | 16:48:54
step   8300 | loss=0.15782 w0=0.014 dev=0.475 | EVAL loss=0.09139 w0=0.010 dev=0.482 | 0.65s/step | epoch 6 | 16:49:00
step   8310 | loss=0.15787 w0=0.014 dev=0.475 | EVAL loss=0.09143 w0=0.009 dev=0.483 | 0.65s/step | epoch 6 | 16:49:07
step   8320 | loss=0.15787 w0=0.014 dev=0.475 | EVAL loss=0.09144 w0=0.009 dev=0.484 | 0.65s/step | epoch 6 | 16:49:13
step   8330 | loss=0.15785 w0=0.014 dev=0.475 | EVAL loss=0.09139 w0=0.010 dev=0.484 | 0.65s/step | epoch 6 | 16:49:20
step   8340 | loss=0.15783 w0=0.014 dev=0.475 | EVAL loss=0.09139 w0=0.010 dev=0.483 | 0.65s/step | epoch 6 | 16:49:26
step   8350 | loss=0.15783 w0=0.014 dev=0.475 | EVAL loss=0.09138 w0=0.009 dev=0.483 | 0.65s/step | epoch 6 | 16:49:33
step   8360 | loss=0.15788 w0=0.014 dev=0.475 | EVAL loss=0.09136 w0=0.008 dev=0.485 | 0.65s/step | epoch 6 | 16:49:39
step   8370 | loss=0.15788 w0=0.014 dev=0.475 | EVAL loss=0.09139 w0=0.007 dev=0.486 | 0.65s/step | epoch 6 | 16:49:46
step   8380 | loss=0.15787 w0=0.014 dev=0.475 | EVAL loss=0.09134 w0=0.008 dev=0.486 | 0.66s/step | epoch 6 | 16:49:52
step   8390 | loss=0.15786 w0=0.014 dev=0.475 | EVAL loss=0.09129 w0=0.009 dev=0.484 | 0.65s/step | epoch 6 | 16:49:59
step   8400 | loss=0.15788 w0=0.014 dev=0.475 | EVAL loss=0.09131 w0=0.012 dev=0.483 | 0.65s/step | epoch 6 | 16:50:05
step   8410 | loss=0.15788 w0=0.014 dev=0.475 | EVAL loss=0.09128 w0=0.011 dev=0.483 | 0.65s/step | epoch 6 | 16:50:12
step   8420 | loss=0.15790 w0=0.014 dev=0.475 | EVAL loss=0.09131 w0=0.009 dev=0.484 | 0.65s/step | epoch 6 | 16:50:18
step   8430 | loss=0.15791 w0=0.014 dev=0.475 | EVAL loss=0.09131 w0=0.010 dev=0.484 | 0.65s/step | epoch 6 | 16:50:25
step   8440 | loss=0.15793 w0=0.014 dev=0.475 | EVAL loss=0.09132 w0=0.009 dev=0.484 | 0.65s/step | epoch 6 | 16:50:31
step   8450 | loss=0.15791 w0=0.014 dev=0.475 | EVAL loss=0.09132 w0=0.010 dev=0.484 | 0.65s/step | epoch 6 | 16:50:37
step   8460 | loss=0.15790 w0=0.014 dev=0.475 | EVAL loss=0.09132 w0=0.012 dev=0.483 | 0.65s/step | epoch 6 | 16:50:44
step   8470 | loss=0.15791 w0=0.014 dev=0.475 | EVAL loss=0.09142 w0=0.011 dev=0.484 | 0.65s/step | epoch 6 | 16:50:50
step   8480 | loss=0.15790 w0=0.014 dev=0.475 | EVAL loss=0.09144 w0=0.012 dev=0.484 | 0.65s/step | epoch 6 | 16:50:57
step   8490 | loss=0.15792 w0=0.014 dev=0.475 | EVAL loss=0.09142 w0=0.013 dev=0.484 | 0.65s/step | epoch 6 | 16:51:03
step   8500 | loss=0.15792 w0=0.015 dev=0.475 | EVAL loss=0.09138 w0=0.012 dev=0.483 | 0.65s/step | epoch 6 | 16:51:10
  checkpoint saved at step 8500 -> /root/autodl-tmp/afa-assets/output/paper_run_group1_10k
step   8510 | loss=0.15791 w0=0.015 dev=0.475 | EVAL loss=0.09139 w0=0.012 dev=0.483 | 0.69s/step | epoch 6 | 16:51:17
step   8520 | loss=0.15788 w0=0.015 dev=0.475 | EVAL loss=0.09140 w0=0.011 dev=0.484 | 0.65s/step | epoch 6 | 16:51:23
step   8530 | loss=0.15789 w0=0.015 dev=0.475 | EVAL loss=0.09141 w0=0.012 dev=0.484 | 0.65s/step | epoch 6 | 16:51:30
step   8540 | loss=0.15788 w0=0.015 dev=0.475 | EVAL loss=0.09143 w0=0.011 dev=0.483 | 0.65s/step | epoch 6 | 16:51:36
step   8550 | loss=0.15789 w0=0.015 dev=0.475 | EVAL loss=0.09143 w0=0.010 dev=0.484 | 0.65s/step | epoch 6 | 16:51:43
step   8560 | loss=0.15789 w0=0.015 dev=0.475 | EVAL loss=0.09145 w0=0.009 dev=0.485 | 0.65s/step | epoch 6 | 16:51:49
step   8570 | loss=0.15788 w0=0.015 dev=0.475 | EVAL loss=0.09151 w0=0.009 dev=0.486 | 0.65s/step | epoch 6 | 16:51:56
step   8580 | loss=0.15792 w0=0.015 dev=0.475 | EVAL loss=0.09141 w0=0.008 dev=0.486 | 0.65s/step | epoch 6 | 16:52:02
step   8590 | loss=0.15795 w0=0.015 dev=0.475 | EVAL loss=0.09134 w0=0.009 dev=0.484 | 0.65s/step | epoch 6 | 16:52:09
step   8600 | loss=0.15798 w0=0.015 dev=0.475 | EVAL loss=0.09135 w0=0.009 dev=0.484 | 0.65s/step | epoch 6 | 16:52:15
step   8610 | loss=0.15800 w0=0.015 dev=0.475 | EVAL loss=0.09136 w0=0.010 dev=0.484 | 0.65s/step | epoch 6 | 16:52:21
step   8620 | loss=0.15798 w0=0.015 dev=0.475 | EVAL loss=0.09138 w0=0.010 dev=0.483 | 0.65s/step | epoch 6 | 16:52:28
step   8630 | loss=0.15801 w0=0.015 dev=0.475 | EVAL loss=0.09141 w0=0.011 dev=0.483 | 0.64s/step | epoch 6 | 16:52:34
step   8640 | loss=0.15800 w0=0.015 dev=0.475 | EVAL loss=0.09146 w0=0.009 dev=0.485 | 0.66s/step | epoch 6 | 16:52:41
step   8650 | loss=0.15799 w0=0.015 dev=0.475 | EVAL loss=0.09147 w0=0.010 dev=0.484 | 0.65s/step | epoch 6 | 16:52:47
step   8660 | loss=0.15799 w0=0.015 dev=0.475 | EVAL loss=0.09144 w0=0.012 dev=0.483 | 0.65s/step | epoch 6 | 16:52:54
step   8670 | loss=0.15801 w0=0.015 dev=0.475 | EVAL loss=0.09144 w0=0.012 dev=0.483 | 0.65s/step | epoch 6 | 16:53:00
step   8680 | loss=0.15803 w0=0.015 dev=0.475 | EVAL loss=0.09147 w0=0.011 dev=0.483 | 0.65s/step | epoch 6 | 16:53:07
step   8690 | loss=0.15803 w0=0.015 dev=0.475 | EVAL loss=0.09147 w0=0.012 dev=0.482 | 0.65s/step | epoch 6 | 16:53:13
step   8700 | loss=0.15803 w0=0.015 dev=0.475 | EVAL loss=0.09149 w0=0.011 dev=0.483 | 0.65s/step | epoch 6 | 16:53:20
step   8710 | loss=0.15806 w0=0.015 dev=0.475 | EVAL loss=0.09145 w0=0.011 dev=0.485 | 0.65s/step | epoch 6 | 16:53:26
step   8720 | loss=0.15803 w0=0.015 dev=0.475 | EVAL loss=0.09140 w0=0.011 dev=0.485 | 0.65s/step | epoch 6 | 16:53:33
step   8730 | loss=0.15801 w0=0.015 dev=0.475 | EVAL loss=0.09143 w0=0.012 dev=0.485 | 0.65s/step | epoch 6 | 16:53:39
step   8740 | loss=0.15801 w0=0.015 dev=0.475 | EVAL loss=0.09148 w0=0.011 dev=0.485 | 0.65s/step | epoch 6 | 16:53:46
step   8750 | loss=0.15800 w0=0.015 dev=0.475 | EVAL loss=0.09149 w0=0.010 dev=0.484 | 0.65s/step | epoch 6 | 16:53:52
step   8760 | loss=0.15801 w0=0.015 dev=0.475 | EVAL loss=0.09144 w0=0.013 dev=0.483 | 0.85s/step | epoch 7 | 16:54:01
step   8770 | loss=0.15800 w0=0.015 dev=0.475 | EVAL loss=0.09139 w0=0.016 dev=0.481 | 0.65s/step | epoch 7 | 16:54:07
step   8780 | loss=0.15803 w0=0.015 dev=0.475 | EVAL loss=0.09136 w0=0.016 dev=0.481 | 0.64s/step | epoch 7 | 16:54:14
step   8790 | loss=0.15801 w0=0.015 dev=0.475 | EVAL loss=0.09137 w0=0.013 dev=0.483 | 0.64s/step | epoch 7 | 16:54:20
step   8800 | loss=0.15799 w0=0.015 dev=0.475 | EVAL loss=0.09141 w0=0.012 dev=0.484 | 0.64s/step | epoch 7 | 16:54:26
step   8810 | loss=0.15798 w0=0.015 dev=0.475 | EVAL loss=0.09140 w0=0.011 dev=0.484 | 0.64s/step | epoch 7 | 16:54:33
step   8820 | loss=0.15796 w0=0.015 dev=0.475 | EVAL loss=0.09136 w0=0.011 dev=0.484 | 0.66s/step | epoch 7 | 16:54:39
step   8830 | loss=0.15796 w0=0.015 dev=0.475 | EVAL loss=0.09135 w0=0.011 dev=0.485 | 0.65s/step | epoch 7 | 16:54:46
step   8840 | loss=0.15797 w0=0.015 dev=0.475 | EVAL loss=0.09131 w0=0.012 dev=0.485 | 0.65s/step | epoch 7 | 16:54:52
step   8850 | loss=0.15799 w0=0.015 dev=0.475 | EVAL loss=0.09134 w0=0.012 dev=0.485 | 0.65s/step | epoch 7 | 16:54:59
step   8860 | loss=0.15805 w0=0.015 dev=0.475 | EVAL loss=0.09136 w0=0.013 dev=0.484 | 0.65s/step | epoch 7 | 16:55:05
step   8870 | loss=0.15802 w0=0.015 dev=0.475 | EVAL loss=0.09134 w0=0.015 dev=0.483 | 0.65s/step | epoch 7 | 16:55:12
step   8880 | loss=0.15801 w0=0.015 dev=0.475 | EVAL loss=0.09135 w0=0.013 dev=0.484 | 0.65s/step | epoch 7 | 16:55:18
step   8890 | loss=0.15803 w0=0.015 dev=0.475 | EVAL loss=0.09140 w0=0.011 dev=0.485 | 0.65s/step | epoch 7 | 16:55:25
step   8900 | loss=0.15805 w0=0.015 dev=0.475 | EVAL loss=0.09141 w0=0.011 dev=0.485 | 0.65s/step | epoch 7 | 16:55:31
step   8910 | loss=0.15802 w0=0.015 dev=0.475 | EVAL loss=0.09137 w0=0.012 dev=0.484 | 0.65s/step | epoch 7 | 16:55:38
step   8920 | loss=0.15801 w0=0.015 dev=0.475 | EVAL loss=0.09139 w0=0.014 dev=0.483 | 0.65s/step | epoch 7 | 16:55:44
step   8930 | loss=0.15800 w0=0.015 dev=0.475 | EVAL loss=0.09135 w0=0.016 dev=0.483 | 0.65s/step | epoch 7 | 16:55:51
step   8940 | loss=0.15800 w0=0.015 dev=0.475 | EVAL loss=0.09136 w0=0.017 dev=0.482 | 0.65s/step | epoch 7 | 16:55:57
step   8950 | loss=0.15800 w0=0.015 dev=0.475 | EVAL loss=0.09137 w0=0.015 dev=0.483 | 0.65s/step | epoch 7 | 16:56:04
step   8960 | loss=0.15802 w0=0.015 dev=0.475 | EVAL loss=0.09139 w0=0.015 dev=0.482 | 0.65s/step | epoch 7 | 16:56:10
step   8970 | loss=0.15802 w0=0.015 dev=0.475 | EVAL loss=0.09136 w0=0.016 dev=0.482 | 0.65s/step | epoch 7 | 16:56:16
step   8980 | loss=0.15799 w0=0.015 dev=0.475 | EVAL loss=0.09138 w0=0.014 dev=0.482 | 0.65s/step | epoch 7 | 16:56:23
step   8990 | loss=0.15800 w0=0.015 dev=0.475 | EVAL loss=0.09139 w0=0.013 dev=0.484 | 0.65s/step | epoch 7 | 16:56:29
step   9000 | loss=0.15799 w0=0.015 dev=0.475 | EVAL loss=0.09138 w0=0.014 dev=0.485 | 0.65s/step | epoch 7 | 16:56:36
  checkpoint saved at step 9000 -> /root/autodl-tmp/afa-assets/output/paper_run_group1_10k
step   9010 | loss=0.15798 w0=0.015 dev=0.475 | EVAL loss=0.09138 w0=0.014 dev=0.484 | 0.68s/step | epoch 7 | 16:56:43
step   9020 | loss=0.15795 w0=0.015 dev=0.475 | EVAL loss=0.09137 w0=0.015 dev=0.485 | 0.65s/step | epoch 7 | 16:56:49
step   9030 | loss=0.15797 w0=0.015 dev=0.475 | EVAL loss=0.09134 w0=0.014 dev=0.485 | 0.65s/step | epoch 7 | 16:56:56
step   9040 | loss=0.15794 w0=0.015 dev=0.475 | EVAL loss=0.09136 w0=0.013 dev=0.486 | 0.65s/step | epoch 7 | 16:57:02
step   9050 | loss=0.15795 w0=0.015 dev=0.475 | EVAL loss=0.09141 w0=0.013 dev=0.486 | 0.65s/step | epoch 7 | 16:57:09
step   9060 | loss=0.15792 w0=0.015 dev=0.475 | EVAL loss=0.09141 w0=0.013 dev=0.485 | 0.65s/step | epoch 7 | 16:57:15
step   9070 | loss=0.15794 w0=0.015 dev=0.475 | EVAL loss=0.09142 w0=0.012 dev=0.485 | 0.65s/step | epoch 7 | 16:57:21
step   9080 | loss=0.15794 w0=0.015 dev=0.475 | EVAL loss=0.09139 w0=0.012 dev=0.485 | 0.66s/step | epoch 7 | 16:57:28
step   9090 | loss=0.15789 w0=0.015 dev=0.475 | EVAL loss=0.09138 w0=0.011 dev=0.485 | 0.66s/step | epoch 7 | 16:57:35
step   9100 | loss=0.15790 w0=0.015 dev=0.475 | EVAL loss=0.09139 w0=0.010 dev=0.485 | 0.66s/step | epoch 7 | 16:57:41
step   9110 | loss=0.15787 w0=0.015 dev=0.475 | EVAL loss=0.09143 w0=0.010 dev=0.486 | 0.66s/step | epoch 7 | 16:57:48
step   9120 | loss=0.15785 w0=0.015 dev=0.475 | EVAL loss=0.09140 w0=0.010 dev=0.486 | 0.65s/step | epoch 7 | 16:57:54
step   9130 | loss=0.15784 w0=0.015 dev=0.475 | EVAL loss=0.09140 w0=0.012 dev=0.484 | 0.65s/step | epoch 7 | 16:58:01
step   9140 | loss=0.15788 w0=0.015 dev=0.475 | EVAL loss=0.09134 w0=0.011 dev=0.484 | 0.66s/step | epoch 7 | 16:58:07
step   9150 | loss=0.15788 w0=0.015 dev=0.475 | EVAL loss=0.09134 w0=0.011 dev=0.484 | 0.66s/step | epoch 7 | 16:58:14
step   9160 | loss=0.15788 w0=0.015 dev=0.475 | EVAL loss=0.09132 w0=0.011 dev=0.484 | 0.66s/step | epoch 7 | 16:58:21
step   9170 | loss=0.15788 w0=0.015 dev=0.475 | EVAL loss=0.09134 w0=0.010 dev=0.485 | 0.66s/step | epoch 7 | 16:58:27
step   9180 | loss=0.15788 w0=0.015 dev=0.475 | EVAL loss=0.09132 w0=0.011 dev=0.485 | 0.66s/step | epoch 7 | 16:58:34
step   9190 | loss=0.15790 w0=0.015 dev=0.475 | EVAL loss=0.09128 w0=0.012 dev=0.485 | 0.66s/step | epoch 7 | 16:58:40
step   9200 | loss=0.15792 w0=0.015 dev=0.475 | EVAL loss=0.09128 w0=0.013 dev=0.484 | 0.65s/step | epoch 7 | 16:58:47
step   9210 | loss=0.15792 w0=0.015 dev=0.475 | EVAL loss=0.09128 w0=0.013 dev=0.485 | 0.66s/step | epoch 7 | 16:58:53
step   9220 | loss=0.15786 w0=0.015 dev=0.475 | EVAL loss=0.09130 w0=0.011 dev=0.486 | 0.65s/step | epoch 7 | 16:59:00
step   9230 | loss=0.15783 w0=0.015 dev=0.475 | EVAL loss=0.09131 w0=0.010 dev=0.486 | 0.65s/step | epoch 7 | 16:59:07
step   9240 | loss=0.15779 w0=0.015 dev=0.475 | EVAL loss=0.09126 w0=0.011 dev=0.485 | 0.65s/step | epoch 7 | 16:59:13
step   9250 | loss=0.15777 w0=0.015 dev=0.475 | EVAL loss=0.09123 w0=0.012 dev=0.483 | 0.65s/step | epoch 7 | 16:59:20
step   9260 | loss=0.15772 w0=0.015 dev=0.475 | EVAL loss=0.09124 w0=0.012 dev=0.483 | 0.66s/step | epoch 7 | 16:59:26
step   9270 | loss=0.15771 w0=0.015 dev=0.475 | EVAL loss=0.09126 w0=0.011 dev=0.483 | 0.65s/step | epoch 7 | 16:59:33
step   9280 | loss=0.15768 w0=0.015 dev=0.475 | EVAL loss=0.09125 w0=0.010 dev=0.484 | 0.65s/step | epoch 7 | 16:59:39
step   9290 | loss=0.15769 w0=0.015 dev=0.475 | EVAL loss=0.09126 w0=0.010 dev=0.484 | 0.65s/step | epoch 7 | 16:59:46
step   9300 | loss=0.15767 w0=0.015 dev=0.475 | EVAL loss=0.09125 w0=0.009 dev=0.484 | 0.65s/step | epoch 7 | 16:59:52
step   9310 | loss=0.15769 w0=0.015 dev=0.475 | EVAL loss=0.09132 w0=0.008 dev=0.485 | 0.65s/step | epoch 7 | 16:59:59
step   9320 | loss=0.15771 w0=0.015 dev=0.475 | EVAL loss=0.09134 w0=0.007 dev=0.487 | 0.65s/step | epoch 7 | 17:00:05
step   9330 | loss=0.15770 w0=0.015 dev=0.475 | EVAL loss=0.09135 w0=0.008 dev=0.487 | 0.65s/step | epoch 7 | 17:00:12
step   9340 | loss=0.15768 w0=0.015 dev=0.475 | EVAL loss=0.09133 w0=0.009 dev=0.486 | 0.66s/step | epoch 7 | 17:00:18
step   9350 | loss=0.15769 w0=0.015 dev=0.475 | EVAL loss=0.09135 w0=0.011 dev=0.485 | 0.65s/step | epoch 7 | 17:00:25
step   9360 | loss=0.15771 w0=0.015 dev=0.475 | EVAL loss=0.09130 w0=0.012 dev=0.484 | 0.65s/step | epoch 7 | 17:00:31
step   9370 | loss=0.15774 w0=0.015 dev=0.475 | EVAL loss=0.09130 w0=0.011 dev=0.484 | 0.65s/step | epoch 7 | 17:00:38
step   9380 | loss=0.15773 w0=0.015 dev=0.475 | EVAL loss=0.09137 w0=0.012 dev=0.483 | 0.65s/step | epoch 7 | 17:00:44
step   9390 | loss=0.15774 w0=0.015 dev=0.475 | EVAL loss=0.09140 w0=0.012 dev=0.483 | 0.65s/step | epoch 7 | 17:00:51
step   9400 | loss=0.15774 w0=0.015 dev=0.475 | EVAL loss=0.09138 w0=0.012 dev=0.483 | 0.65s/step | epoch 7 | 17:00:57
step   9410 | loss=0.15777 w0=0.015 dev=0.475 | EVAL loss=0.09136 w0=0.011 dev=0.484 | 0.65s/step | epoch 7 | 17:01:04
step   9420 | loss=0.15772 w0=0.015 dev=0.475 | EVAL loss=0.09139 w0=0.011 dev=0.484 | 0.65s/step | epoch 7 | 17:01:10
step   9430 | loss=0.15772 w0=0.015 dev=0.476 | EVAL loss=0.09137 w0=0.012 dev=0.483 | 0.65s/step | epoch 7 | 17:01:17
step   9440 | loss=0.15769 w0=0.015 dev=0.476 | EVAL loss=0.09138 w0=0.012 dev=0.482 | 0.64s/step | epoch 7 | 17:01:23
step   9450 | loss=0.15771 w0=0.015 dev=0.476 | EVAL loss=0.09134 w0=0.011 dev=0.484 | 0.65s/step | epoch 7 | 17:01:30
step   9460 | loss=0.15772 w0=0.015 dev=0.476 | EVAL loss=0.09132 w0=0.011 dev=0.485 | 0.65s/step | epoch 7 | 17:01:36
step   9470 | loss=0.15772 w0=0.015 dev=0.476 | EVAL loss=0.09134 w0=0.010 dev=0.486 | 0.65s/step | epoch 7 | 17:01:43
step   9480 | loss=0.15769 w0=0.015 dev=0.476 | EVAL loss=0.09128 w0=0.010 dev=0.486 | 0.65s/step | epoch 7 | 17:01:49
step   9490 | loss=0.15769 w0=0.015 dev=0.476 | EVAL loss=0.09127 w0=0.011 dev=0.485 | 0.65s/step | epoch 7 | 17:01:56
step   9500 | loss=0.15769 w0=0.015 dev=0.476 | EVAL loss=0.09124 w0=0.011 dev=0.483 | 0.64s/step | epoch 7 | 17:02:02
  checkpoint saved at step 9500 -> /root/autodl-tmp/afa-assets/output/paper_run_group1_10k
step   9510 | loss=0.15771 w0=0.015 dev=0.476 | EVAL loss=0.09125 w0=0.010 dev=0.484 | 0.68s/step | epoch 7 | 17:02:09
step   9520 | loss=0.15773 w0=0.015 dev=0.476 | EVAL loss=0.09127 w0=0.008 dev=0.485 | 0.65s/step | epoch 7 | 17:02:15
step   9530 | loss=0.15772 w0=0.015 dev=0.476 | EVAL loss=0.09135 w0=0.010 dev=0.484 | 0.64s/step | epoch 7 | 17:02:22
step   9540 | loss=0.15772 w0=0.015 dev=0.476 | EVAL loss=0.09133 w0=0.010 dev=0.483 | 0.64s/step | epoch 7 | 17:02:28
step   9550 | loss=0.15773 w0=0.015 dev=0.476 | EVAL loss=0.09132 w0=0.011 dev=0.483 | 0.64s/step | epoch 7 | 17:02:35
step   9560 | loss=0.15773 w0=0.015 dev=0.476 | EVAL loss=0.09142 w0=0.008 dev=0.486 | 0.65s/step | epoch 7 | 17:02:41
step   9570 | loss=0.15777 w0=0.015 dev=0.476 | EVAL loss=0.09140 w0=0.008 dev=0.486 | 0.64s/step | epoch 7 | 17:02:47
step   9580 | loss=0.15777 w0=0.015 dev=0.476 | EVAL loss=0.09140 w0=0.007 dev=0.487 | 0.64s/step | epoch 7 | 17:02:54
step   9590 | loss=0.15775 w0=0.015 dev=0.476 | EVAL loss=0.09136 w0=0.008 dev=0.485 | 0.64s/step | epoch 7 | 17:03:00
step   9600 | loss=0.15775 w0=0.015 dev=0.476 | EVAL loss=0.09131 w0=0.010 dev=0.483 | 0.64s/step | epoch 7 | 17:03:07
step   9610 | loss=0.15773 w0=0.015 dev=0.476 | EVAL loss=0.09132 w0=0.011 dev=0.483 | 0.65s/step | epoch 7 | 17:03:13
step   9620 | loss=0.15773 w0=0.015 dev=0.476 | EVAL loss=0.09135 w0=0.010 dev=0.484 | 0.65s/step | epoch 7 | 17:03:20
step   9630 | loss=0.15771 w0=0.015 dev=0.476 | EVAL loss=0.09132 w0=0.010 dev=0.484 | 0.64s/step | epoch 7 | 17:03:26
step   9640 | loss=0.15772 w0=0.015 dev=0.476 | EVAL loss=0.09133 w0=0.008 dev=0.486 | 0.64s/step | epoch 7 | 17:03:33
step   9650 | loss=0.15771 w0=0.015 dev=0.476 | EVAL loss=0.09139 w0=0.007 dev=0.487 | 0.64s/step | epoch 7 | 17:03:39
step   9660 | loss=0.15771 w0=0.015 dev=0.476 | EVAL loss=0.09135 w0=0.011 dev=0.484 | 0.64s/step | epoch 7 | 17:03:46
step   9670 | loss=0.15771 w0=0.015 dev=0.476 | EVAL loss=0.09134 w0=0.017 dev=0.481 | 0.64s/step | epoch 7 | 17:03:52
step   9680 | loss=0.15774 w0=0.015 dev=0.476 | EVAL loss=0.09137 w0=0.015 dev=0.483 | 0.64s/step | epoch 7 | 17:03:58
step   9690 | loss=0.15774 w0=0.015 dev=0.476 | EVAL loss=0.09136 w0=0.013 dev=0.483 | 0.65s/step | epoch 7 | 17:04:05
step   9700 | loss=0.15773 w0=0.015 dev=0.476 | EVAL loss=0.09136 w0=0.011 dev=0.483 | 0.65s/step | epoch 7 | 17:04:11
step   9710 | loss=0.15774 w0=0.015 dev=0.476 | EVAL loss=0.09133 w0=0.010 dev=0.484 | 0.64s/step | epoch 7 | 17:04:18
step   9720 | loss=0.15772 w0=0.015 dev=0.476 | EVAL loss=0.09136 w0=0.008 dev=0.485 | 0.64s/step | epoch 7 | 17:04:24
step   9730 | loss=0.15773 w0=0.015 dev=0.476 | EVAL loss=0.09135 w0=0.007 dev=0.486 | 0.64s/step | epoch 7 | 17:04:31
step   9740 | loss=0.15775 w0=0.015 dev=0.476 | EVAL loss=0.09136 w0=0.007 dev=0.486 | 0.64s/step | epoch 7 | 17:04:37
step   9750 | loss=0.15775 w0=0.015 dev=0.476 | EVAL loss=0.09140 w0=0.007 dev=0.486 | 0.64s/step | epoch 7 | 17:04:44
step   9760 | loss=0.15774 w0=0.015 dev=0.476 | EVAL loss=0.09144 w0=0.009 dev=0.485 | 0.64s/step | epoch 7 | 17:04:50
step   9770 | loss=0.15774 w0=0.015 dev=0.476 | EVAL loss=0.09137 w0=0.012 dev=0.483 | 0.64s/step | epoch 7 | 17:04:56
step   9780 | loss=0.15771 w0=0.015 dev=0.476 | EVAL loss=0.09136 w0=0.009 dev=0.485 | 0.66s/step | epoch 7 | 17:05:03
step   9790 | loss=0.15769 w0=0.015 dev=0.476 | EVAL loss=0.09141 w0=0.006 dev=0.487 | 0.66s/step | epoch 7 | 17:05:10
step   9800 | loss=0.15769 w0=0.015 dev=0.476 | EVAL loss=0.09148 w0=0.006 dev=0.488 | 0.66s/step | epoch 7 | 17:05:16
step   9810 | loss=0.15768 w0=0.015 dev=0.476 | EVAL loss=0.09148 w0=0.007 dev=0.487 | 0.66s/step | epoch 7 | 17:05:23
step   9820 | loss=0.15768 w0=0.015 dev=0.476 | EVAL loss=0.09147 w0=0.007 dev=0.487 | 0.66s/step | epoch 7 | 17:05:29
step   9830 | loss=0.15769 w0=0.015 dev=0.476 | EVAL loss=0.09151 w0=0.008 dev=0.486 | 0.66s/step | epoch 7 | 17:05:36
step   9840 | loss=0.15770 w0=0.015 dev=0.476 | EVAL loss=0.09152 w0=0.008 dev=0.486 | 0.66s/step | epoch 7 | 17:05:43
step   9850 | loss=0.15770 w0=0.015 dev=0.476 | EVAL loss=0.09153 w0=0.009 dev=0.486 | 0.66s/step | epoch 7 | 17:05:49
step   9860 | loss=0.15770 w0=0.015 dev=0.476 | EVAL loss=0.09153 w0=0.010 dev=0.486 | 0.66s/step | epoch 7 | 17:05:56
step   9870 | loss=0.15769 w0=0.015 dev=0.476 | EVAL loss=0.09156 w0=0.009 dev=0.486 | 0.66s/step | epoch 7 | 17:06:02
step   9880 | loss=0.15768 w0=0.015 dev=0.476 | EVAL loss=0.09152 w0=0.009 dev=0.486 | 0.66s/step | epoch 7 | 17:06:09
step   9890 | loss=0.15765 w0=0.015 dev=0.476 | EVAL loss=0.09146 w0=0.009 dev=0.486 | 0.65s/step | epoch 7 | 17:06:15
step   9900 | loss=0.15763 w0=0.015 dev=0.476 | EVAL loss=0.09142 w0=0.008 dev=0.487 | 0.65s/step | epoch 7 | 17:06:22
step   9910 | loss=0.15760 w0=0.015 dev=0.476 | EVAL loss=0.09142 w0=0.008 dev=0.487 | 0.65s/step | epoch 7 | 17:06:28
step   9920 | loss=0.15760 w0=0.015 dev=0.476 | EVAL loss=0.09140 w0=0.007 dev=0.487 | 0.65s/step | epoch 7 | 17:06:35
step   9930 | loss=0.15760 w0=0.015 dev=0.476 | EVAL loss=0.09137 w0=0.008 dev=0.485 | 0.65s/step | epoch 7 | 17:06:41
step   9940 | loss=0.15761 w0=0.015 dev=0.476 | EVAL loss=0.09138 w0=0.009 dev=0.486 | 0.65s/step | epoch 7 | 17:06:48
step   9950 | loss=0.15762 w0=0.015 dev=0.476 | EVAL loss=0.09139 w0=0.008 dev=0.486 | 0.65s/step | epoch 7 | 17:06:54
step   9960 | loss=0.15763 w0=0.015 dev=0.476 | EVAL loss=0.09143 w0=0.009 dev=0.486 | 0.65s/step | epoch 7 | 17:07:01
step   9970 | loss=0.15764 w0=0.015 dev=0.476 | EVAL loss=0.09143 w0=0.009 dev=0.486 | 0.65s/step | epoch 7 | 17:07:07
step   9980 | loss=0.15767 w0=0.015 dev=0.476 | EVAL loss=0.09142 w0=0.010 dev=0.485 | 0.65s/step | epoch 7 | 17:07:14
step   9990 | loss=0.15768 w0=0.015 dev=0.476 | EVAL loss=0.09139 w0=0.010 dev=0.485 | 0.64s/step | epoch 7 | 17:07:20
step  10000 | loss=0.15766 w0=0.015 dev=0.476 | EVAL loss=0.09139 w0=0.013 dev=0.484 | 0.65s/step | epoch 7 | 17:07:27
  checkpoint saved at step 10000 -> /root/autodl-tmp/afa-assets/output/paper_run_group1_10k
step  10010 | loss=0.15765 w0=0.015 dev=0.476 | EVAL loss=0.09141 w0=0.012 dev=0.485 | 0.87s/step | epoch 8 | 17:07:35
step  10020 | loss=0.15766 w0=0.015 dev=0.476 | EVAL loss=0.09142 w0=0.009 dev=0.486 | 0.64s/step | epoch 8 | 17:07:42
step  10030 | loss=0.15765 w0=0.015 dev=0.476 | EVAL loss=0.09143 w0=0.009 dev=0.487 | 0.65s/step | epoch 8 | 17:07:48
step  10040 | loss=0.15767 w0=0.015 dev=0.476 | EVAL loss=0.09145 w0=0.008 dev=0.487 | 0.65s/step | epoch 8 | 17:07:55
step  10050 | loss=0.15765 w0=0.015 dev=0.476 | EVAL loss=0.09147 w0=0.008 dev=0.486 | 0.65s/step | epoch 8 | 17:08:01
step  10060 | loss=0.15765 w0=0.015 dev=0.476 | EVAL loss=0.09143 w0=0.012 dev=0.484 | 0.64s/step | epoch 8 | 17:08:08
step  10070 | loss=0.15768 w0=0.015 dev=0.476 | EVAL loss=0.09138 w0=0.015 dev=0.482 | 0.66s/step | epoch 8 | 17:08:14
step  10080 | loss=0.15766 w0=0.015 dev=0.476 | EVAL loss=0.09141 w0=0.011 dev=0.484 | 0.65s/step | epoch 8 | 17:08:21
step  10090 | loss=0.15766 w0=0.015 dev=0.476 | EVAL loss=0.09145 w0=0.009 dev=0.486 | 0.66s/step | epoch 8 | 17:08:27
step  10100 | loss=0.15767 w0=0.015 dev=0.476 | EVAL loss=0.09140 w0=0.010 dev=0.486 | 0.66s/step | epoch 8 | 17:08:34
step  10110 | loss=0.15764 w0=0.015 dev=0.476 | EVAL loss=0.09130 w0=0.010 dev=0.485 | 0.66s/step | epoch 8 | 17:08:41
step  10120 | loss=0.15762 w0=0.015 dev=0.476 | EVAL loss=0.09131 w0=0.010 dev=0.485 | 0.65s/step | epoch 8 | 17:08:47
step  10130 | loss=0.15762 w0=0.015 dev=0.476 | EVAL loss=0.09142 w0=0.009 dev=0.485 | 0.64s/step | epoch 8 | 17:08:53
step  10140 | loss=0.15763 w0=0.015 dev=0.476 | EVAL loss=0.09142 w0=0.011 dev=0.484 | 0.65s/step | epoch 8 | 17:09:00
step  10150 | loss=0.15764 w0=0.015 dev=0.476 | EVAL loss=0.09143 w0=0.012 dev=0.483 | 0.65s/step | epoch 8 | 17:09:06
step  10160 | loss=0.15764 w0=0.015 dev=0.476 | EVAL loss=0.09145 w0=0.011 dev=0.484 | 0.65s/step | epoch 8 | 17:09:13
step  10170 | loss=0.15763 w0=0.015 dev=0.476 | EVAL loss=0.09144 w0=0.012 dev=0.484 | 0.65s/step | epoch 8 | 17:09:19
step  10180 | loss=0.15764 w0=0.015 dev=0.476 | EVAL loss=0.09146 w0=0.012 dev=0.483 | 0.65s/step | epoch 8 | 17:09:26
step  10190 | loss=0.15764 w0=0.015 dev=0.476 | EVAL loss=0.09149 w0=0.011 dev=0.483 | 0.65s/step | epoch 8 | 17:09:32
step  10200 | loss=0.15764 w0=0.015 dev=0.476 | EVAL loss=0.09144 w0=0.011 dev=0.484 | 0.65s/step | epoch 8 | 17:09:39
step  10210 | loss=0.15761 w0=0.015 dev=0.476 | EVAL loss=0.09144 w0=0.011 dev=0.484 | 0.65s/step | epoch 8 | 17:09:45
step  10220 | loss=0.15762 w0=0.015 dev=0.476 | EVAL loss=0.09145 w0=0.010 dev=0.486 | 0.64s/step | epoch 8 | 17:09:52
step  10230 | loss=0.15758 w0=0.015 dev=0.476 | EVAL loss=0.09144 w0=0.011 dev=0.485 | 0.65s/step | epoch 8 | 17:09:58
step  10240 | loss=0.15761 w0=0.015 dev=0.476 | EVAL loss=0.09143 w0=0.012 dev=0.485 | 0.65s/step | epoch 8 | 17:10:04
step  10250 | loss=0.15760 w0=0.015 dev=0.476 | EVAL loss=0.09145 w0=0.011 dev=0.485 | 0.64s/step | epoch 8 | 17:10:11
step  10260 | loss=0.15759 w0=0.015 dev=0.476 | EVAL loss=0.09145 w0=0.011 dev=0.485 | 0.65s/step | epoch 8 | 17:10:17
step  10270 | loss=0.15758 w0=0.015 dev=0.476 | EVAL loss=0.09147 w0=0.011 dev=0.484 | 0.65s/step | epoch 8 | 17:10:24
step  10280 | loss=0.15761 w0=0.015 dev=0.476 | EVAL loss=0.09144 w0=0.014 dev=0.483 | 0.65s/step | epoch 8 | 17:10:30
step  10290 | loss=0.15763 w0=0.015 dev=0.476 | EVAL loss=0.09142 w0=0.015 dev=0.483 | 0.65s/step | epoch 8 | 17:10:37
step  10300 | loss=0.15765 w0=0.015 dev=0.476 | EVAL loss=0.09140 w0=0.014 dev=0.483 | 0.66s/step | epoch 8 | 17:10:43
step  10310 | loss=0.15763 w0=0.015 dev=0.476 | EVAL loss=0.09142 w0=0.014 dev=0.484 | 0.66s/step | epoch 8 | 17:10:50
step  10320 | loss=0.15763 w0=0.015 dev=0.476 | EVAL loss=0.09137 w0=0.014 dev=0.484 | 0.66s/step | epoch 8 | 17:10:57
step  10330 | loss=0.15761 w0=0.015 dev=0.476 | EVAL loss=0.09138 w0=0.013 dev=0.484 | 0.65s/step | epoch 8 | 17:11:03
step  10340 | loss=0.15760 w0=0.015 dev=0.476 | EVAL loss=0.09140 w0=0.013 dev=0.484 | 0.65s/step | epoch 8 | 17:11:10
step  10350 | loss=0.15761 w0=0.015 dev=0.476 | EVAL loss=0.09140 w0=0.012 dev=0.483 | 0.65s/step | epoch 8 | 17:11:16
step  10360 | loss=0.15760 w0=0.015 dev=0.476 | EVAL loss=0.09138 w0=0.012 dev=0.483 | 0.66s/step | epoch 8 | 17:11:23
step  10370 | loss=0.15759 w0=0.015 dev=0.476 | EVAL loss=0.09140 w0=0.011 dev=0.484 | 0.65s/step | epoch 8 | 17:11:29
step  10380 | loss=0.15760 w0=0.015 dev=0.476 | EVAL loss=0.09144 w0=0.010 dev=0.484 | 0.66s/step | epoch 8 | 17:11:36
step  10390 | loss=0.15759 w0=0.015 dev=0.476 | EVAL loss=0.09142 w0=0.013 dev=0.483 | 0.66s/step | epoch 8 | 17:11:42
step  10400 | loss=0.15758 w0=0.015 dev=0.476 | EVAL loss=0.09141 w0=0.015 dev=0.481 | 0.66s/step | epoch 8 | 17:11:49
step  10410 | loss=0.15759 w0=0.015 dev=0.476 | EVAL loss=0.09146 w0=0.011 dev=0.483 | 0.66s/step | epoch 8 | 17:11:56
step  10420 | loss=0.15758 w0=0.015 dev=0.476 | EVAL loss=0.09154 w0=0.010 dev=0.485 | 0.66s/step | epoch 8 | 17:12:02
step  10430 | loss=0.15760 w0=0.015 dev=0.476 | EVAL loss=0.09153 w0=0.010 dev=0.485 | 0.66s/step | epoch 8 | 17:12:09
step  10440 | loss=0.15761 w0=0.015 dev=0.476 | EVAL loss=0.09151 w0=0.010 dev=0.486 | 0.66s/step | epoch 8 | 17:12:15
step  10450 | loss=0.15758 w0=0.015 dev=0.476 | EVAL loss=0.09143 w0=0.009 dev=0.485 | 0.66s/step | epoch 8 | 17:12:22
step  10460 | loss=0.15762 w0=0.015 dev=0.476 | EVAL loss=0.09147 w0=0.009 dev=0.485 | 0.66s/step | epoch 8 | 17:12:28
step  10470 | loss=0.15761 w0=0.015 dev=0.476 | EVAL loss=0.09146 w0=0.011 dev=0.484 | 0.65s/step | epoch 8 | 17:12:35
step  10480 | loss=0.15763 w0=0.015 dev=0.476 | EVAL loss=0.09141 w0=0.012 dev=0.483 | 0.65s/step | epoch 8 | 17:12:42
step  10490 | loss=0.15763 w0=0.015 dev=0.476 | EVAL loss=0.09137 w0=0.011 dev=0.484 | 0.65s/step | epoch 8 | 17:12:48
step  10500 | loss=0.15763 w0=0.015 dev=0.476 | EVAL loss=0.09137 w0=0.010 dev=0.484 | 0.65s/step | epoch 8 | 17:12:54
  checkpoint saved at step 10500 -> /root/autodl-tmp/afa-assets/output/paper_run_group1_10k
step  10510 | loss=0.15766 w0=0.015 dev=0.476 | EVAL loss=0.09137 w0=0.010 dev=0.485 | 0.70s/step | epoch 8 | 17:13:01
step  10520 | loss=0.15765 w0=0.015 dev=0.476 | EVAL loss=0.09138 w0=0.011 dev=0.485 | 0.65s/step | epoch 8 | 17:13:08
step  10530 | loss=0.15765 w0=0.015 dev=0.476 | EVAL loss=0.09142 w0=0.013 dev=0.484 | 0.65s/step | epoch 8 | 17:13:14
step  10540 | loss=0.15765 w0=0.015 dev=0.476 | EVAL loss=0.09143 w0=0.014 dev=0.484 | 0.65s/step | epoch 8 | 17:13:21
step  10550 | loss=0.15766 w0=0.015 dev=0.476 | EVAL loss=0.09141 w0=0.014 dev=0.484 | 0.65s/step | epoch 8 | 17:13:27
step  10560 | loss=0.15764 w0=0.015 dev=0.476 | EVAL loss=0.09142 w0=0.014 dev=0.483 | 0.65s/step | epoch 8 | 17:13:34
step  10570 | loss=0.15765 w0=0.015 dev=0.476 | EVAL loss=0.09139 w0=0.013 dev=0.483 | 0.65s/step | epoch 8 | 17:13:40
step  10580 | loss=0.15763 w0=0.015 dev=0.476 | EVAL loss=0.09136 w0=0.012 dev=0.483 | 0.65s/step | epoch 8 | 17:13:47
step  10590 | loss=0.15763 w0=0.015 dev=0.476 | EVAL loss=0.09136 w0=0.011 dev=0.485 | 0.66s/step | epoch 8 | 17:13:53
step  10600 | loss=0.15762 w0=0.015 dev=0.476 | EVAL loss=0.09136 w0=0.011 dev=0.485 | 0.65s/step | epoch 8 | 17:14:00
step  10610 | loss=0.15764 w0=0.015 dev=0.476 | EVAL loss=0.09136 w0=0.012 dev=0.483 | 0.65s/step | epoch 8 | 17:14:06
step  10620 | loss=0.15764 w0=0.015 dev=0.476 | EVAL loss=0.09138 w0=0.011 dev=0.484 | 0.65s/step | epoch 8 | 17:14:13
step  10630 | loss=0.15765 w0=0.015 dev=0.476 | EVAL loss=0.09141 w0=0.011 dev=0.484 | 0.65s/step | epoch 8 | 17:14:19
step  10640 | loss=0.15765 w0=0.015 dev=0.476 | EVAL loss=0.09139 w0=0.011 dev=0.484 | 0.66s/step | epoch 8 | 17:14:26
step  10650 | loss=0.15763 w0=0.015 dev=0.476 | EVAL loss=0.09138 w0=0.012 dev=0.484 | 0.66s/step | epoch 8 | 17:14:32
step  10660 | loss=0.15766 w0=0.015 dev=0.476 | EVAL loss=0.09135 w0=0.012 dev=0.484 | 0.65s/step | epoch 8 | 17:14:39
step  10670 | loss=0.15763 w0=0.015 dev=0.476 | EVAL loss=0.09134 w0=0.011 dev=0.485 | 0.65s/step | epoch 8 | 17:14:45
step  10680 | loss=0.15761 w0=0.015 dev=0.476 | EVAL loss=0.09137 w0=0.011 dev=0.485 | 0.65s/step | epoch 8 | 17:14:52
step  10690 | loss=0.15762 w0=0.015 dev=0.476 | EVAL loss=0.09135 w0=0.011 dev=0.484 | 0.65s/step | epoch 8 | 17:14:58
step  10700 | loss=0.15766 w0=0.015 dev=0.476 | EVAL loss=0.09130 w0=0.013 dev=0.483 | 0.65s/step | epoch 8 | 17:15:05
step  10710 | loss=0.15765 w0=0.015 dev=0.476 | EVAL loss=0.09129 w0=0.013 dev=0.483 | 0.65s/step | epoch 8 | 17:15:11
step  10720 | loss=0.15764 w0=0.015 dev=0.476 | EVAL loss=0.09129 w0=0.013 dev=0.483 | 0.65s/step | epoch 8 | 17:15:18
step  10730 | loss=0.15762 w0=0.015 dev=0.476 | EVAL loss=0.09130 w0=0.014 dev=0.483 | 0.65s/step | epoch 8 | 17:15:24
step  10740 | loss=0.15763 w0=0.015 dev=0.476 | EVAL loss=0.09132 w0=0.014 dev=0.484 | 0.64s/step | epoch 8 | 17:15:31
step  10750 | loss=0.15762 w0=0.015 dev=0.476 | EVAL loss=0.09136 w0=0.014 dev=0.484 | 0.65s/step | epoch 8 | 17:15:37
step  10760 | loss=0.15762 w0=0.015 dev=0.476 | EVAL loss=0.09137 w0=0.016 dev=0.484 | 0.65s/step | epoch 8 | 17:15:43
step  10770 | loss=0.15762 w0=0.015 dev=0.476 | EVAL loss=0.09136 w0=0.017 dev=0.483 | 0.65s/step | epoch 8 | 17:15:50
step  10780 | loss=0.15760 w0=0.015 dev=0.476 | EVAL loss=0.09138 w0=0.018 dev=0.482 | 0.65s/step | epoch 8 | 17:15:56
step  10790 | loss=0.15757 w0=0.015 dev=0.476 | EVAL loss=0.09137 w0=0.017 dev=0.482 | 0.65s/step | epoch 8 | 17:16:03
step  10800 | loss=0.15758 w0=0.015 dev=0.476 | EVAL loss=0.09134 w0=0.017 dev=0.483 | 0.65s/step | epoch 8 | 17:16:09
step  10810 | loss=0.15758 w0=0.015 dev=0.476 | EVAL loss=0.09135 w0=0.017 dev=0.483 | 0.65s/step | epoch 8 | 17:16:16
step  10820 | loss=0.15757 w0=0.015 dev=0.476 | EVAL loss=0.09137 w0=0.015 dev=0.483 | 0.65s/step | epoch 8 | 17:16:22
step  10830 | loss=0.15760 w0=0.015 dev=0.476 | EVAL loss=0.09139 w0=0.013 dev=0.484 | 0.65s/step | epoch 8 | 17:16:29
step  10840 | loss=0.15763 w0=0.015 dev=0.476 | EVAL loss=0.09140 w0=0.012 dev=0.484 | 0.65s/step | epoch 8 | 17:16:35
step  10850 | loss=0.15760 w0=0.015 dev=0.476 | EVAL loss=0.09138 w0=0.012 dev=0.483 | 0.66s/step | epoch 8 | 17:16:42
step  10860 | loss=0.15760 w0=0.015 dev=0.476 | EVAL loss=0.09136 w0=0.013 dev=0.482 | 0.66s/step | epoch 8 | 17:16:48
step  10870 | loss=0.15760 w0=0.015 dev=0.476 | EVAL loss=0.09136 w0=0.012 dev=0.483 | 0.66s/step | epoch 8 | 17:16:55
step  10880 | loss=0.15759 w0=0.015 dev=0.476 | EVAL loss=0.09135 w0=0.011 dev=0.484 | 0.65s/step | epoch 8 | 17:17:01
step  10890 | loss=0.15757 w0=0.015 dev=0.476 | EVAL loss=0.09133 w0=0.013 dev=0.483 | 0.65s/step | epoch 8 | 17:17:08
step  10900 | loss=0.15757 w0=0.015 dev=0.476 | EVAL loss=0.09130 w0=0.016 dev=0.482 | 0.65s/step | epoch 8 | 17:17:14
step  10910 | loss=0.15759 w0=0.015 dev=0.476 | EVAL loss=0.09130 w0=0.015 dev=0.482 | 0.65s/step | epoch 8 | 17:17:21
step  10920 | loss=0.15758 w0=0.015 dev=0.476 | EVAL loss=0.09135 w0=0.013 dev=0.482 | 0.65s/step | epoch 8 | 17:17:27
step  10930 | loss=0.15760 w0=0.015 dev=0.476 | EVAL loss=0.09138 w0=0.013 dev=0.483 | 0.65s/step | epoch 8 | 17:17:34
step  10940 | loss=0.15761 w0=0.015 dev=0.476 | EVAL loss=0.09138 w0=0.014 dev=0.482 | 0.65s/step | epoch 8 | 17:17:40
step  10950 | loss=0.15765 w0=0.015 dev=0.476 | EVAL loss=0.09137 w0=0.013 dev=0.484 | 0.65s/step | epoch 8 | 17:17:47
step  10960 | loss=0.15764 w0=0.015 dev=0.476 | EVAL loss=0.09140 w0=0.012 dev=0.484 | 0.65s/step | epoch 8 | 17:17:53
step  10970 | loss=0.15765 w0=0.015 dev=0.476 | EVAL loss=0.09142 w0=0.012 dev=0.484 | 0.65s/step | epoch 8 | 17:18:00
step  10980 | loss=0.15766 w0=0.015 dev=0.476 | EVAL loss=0.09143 w0=0.011 dev=0.484 | 0.65s/step | epoch 8 | 17:18:06
step  10990 | loss=0.15768 w0=0.015 dev=0.476 | EVAL loss=0.09141 w0=0.010 dev=0.484 | 0.65s/step | epoch 8 | 17:18:13
step  11000 | loss=0.15767 w0=0.015 dev=0.476 | EVAL loss=0.09141 w0=0.011 dev=0.485 | 0.65s/step | epoch 8 | 17:18:19
  checkpoint saved at step 11000 -> /root/autodl-tmp/afa-assets/output/paper_run_group1_10k
step  11010 | loss=0.15767 w0=0.015 dev=0.476 | EVAL loss=0.09140 w0=0.011 dev=0.484 | 0.68s/step | epoch 8 | 17:18:26
step  11020 | loss=0.15765 w0=0.015 dev=0.476 | EVAL loss=0.09139 w0=0.011 dev=0.485 | 0.65s/step | epoch 8 | 17:18:32
step  11030 | loss=0.15767 w0=0.015 dev=0.476 | EVAL loss=0.09137 w0=0.011 dev=0.485 | 0.65s/step | epoch 8 | 17:18:39
step  11040 | loss=0.15768 w0=0.015 dev=0.476 | EVAL loss=0.09137 w0=0.011 dev=0.485 | 0.65s/step | epoch 8 | 17:18:45
step  11050 | loss=0.15766 w0=0.015 dev=0.476 | EVAL loss=0.09138 w0=0.010 dev=0.485 | 0.65s/step | epoch 8 | 17:18:52
step  11060 | loss=0.15767 w0=0.015 dev=0.476 | EVAL loss=0.09139 w0=0.011 dev=0.485 | 0.65s/step | epoch 8 | 17:18:58
step  11070 | loss=0.15768 w0=0.015 dev=0.476 | EVAL loss=0.09141 w0=0.011 dev=0.485 | 0.65s/step | epoch 8 | 17:19:05
step  11080 | loss=0.15769 w0=0.015 dev=0.476 | EVAL loss=0.09135 w0=0.011 dev=0.485 | 0.65s/step | epoch 8 | 17:19:11
step  11090 | loss=0.15769 w0=0.015 dev=0.476 | EVAL loss=0.09137 w0=0.011 dev=0.486 | 0.65s/step | epoch 8 | 17:19:18
step  11100 | loss=0.15770 w0=0.015 dev=0.476 | EVAL loss=0.09136 w0=0.011 dev=0.486 | 0.65s/step | epoch 8 | 17:19:24
step  11110 | loss=0.15770 w0=0.015 dev=0.476 | EVAL loss=0.09136 w0=0.011 dev=0.485 | 0.65s/step | epoch 8 | 17:19:31
step  11120 | loss=0.15772 w0=0.015 dev=0.476 | EVAL loss=0.09136 w0=0.013 dev=0.484 | 0.65s/step | epoch 8 | 17:19:37
step  11130 | loss=0.15772 w0=0.015 dev=0.476 | EVAL loss=0.09137 w0=0.013 dev=0.484 | 0.65s/step | epoch 8 | 17:19:43
step  11140 | loss=0.15771 w0=0.015 dev=0.476 | EVAL loss=0.09144 w0=0.011 dev=0.485 | 0.67s/step | epoch 8 | 17:19:50
step  11150 | loss=0.15770 w0=0.015 dev=0.476 | EVAL loss=0.09144 w0=0.010 dev=0.486 | 0.66s/step | epoch 8 | 17:19:57
step  11160 | loss=0.15770 w0=0.015 dev=0.476 | EVAL loss=0.09140 w0=0.011 dev=0.486 | 0.66s/step | epoch 8 | 17:20:03
step  11170 | loss=0.15770 w0=0.015 dev=0.476 | EVAL loss=0.09140 w0=0.011 dev=0.485 | 0.65s/step | epoch 8 | 17:20:10
step  11180 | loss=0.15772 w0=0.015 dev=0.476 | EVAL loss=0.09136 w0=0.013 dev=0.484 | 0.65s/step | epoch 8 | 17:20:16
step  11190 | loss=0.15770 w0=0.015 dev=0.476 | EVAL loss=0.09137 w0=0.013 dev=0.483 | 0.64s/step | epoch 8 | 17:20:23
step  11200 | loss=0.15768 w0=0.015 dev=0.476 | EVAL loss=0.09138 w0=0.010 dev=0.487 | 0.65s/step | epoch 8 | 17:20:29
step  11210 | loss=0.15769 w0=0.015 dev=0.476 | EVAL loss=0.09136 w0=0.010 dev=0.486 | 0.65s/step | epoch 8 | 17:20:36
step  11220 | loss=0.15769 w0=0.015 dev=0.476 | EVAL loss=0.09136 w0=0.012 dev=0.485 | 0.64s/step | epoch 8 | 17:20:42
step  11230 | loss=0.15771 w0=0.015 dev=0.476 | EVAL loss=0.09141 w0=0.013 dev=0.486 | 0.64s/step | epoch 8 | 17:20:48
step  11240 | loss=0.15770 w0=0.015 dev=0.476 | EVAL loss=0.09138 w0=0.012 dev=0.486 | 0.64s/step | epoch 8 | 17:20:55
step  11250 | loss=0.15771 w0=0.015 dev=0.476 | EVAL loss=0.09137 w0=0.012 dev=0.485 | 0.64s/step | epoch 8 | 17:21:01
step  11260 | loss=0.15771 w0=0.015 dev=0.476 | EVAL loss=0.09139 w0=0.012 dev=0.485 | 0.84s/step | epoch 9 | 17:21:10
step  11270 | loss=0.15769 w0=0.015 dev=0.476 | EVAL loss=0.09138 w0=0.012 dev=0.484 | 0.64s/step | epoch 9 | 17:21:16
step  11280 | loss=0.15771 w0=0.015 dev=0.476 | EVAL loss=0.09143 w0=0.011 dev=0.486 | 0.64s/step | epoch 9 | 17:21:23
step  11290 | loss=0.15771 w0=0.015 dev=0.476 | EVAL loss=0.09142 w0=0.011 dev=0.487 | 0.64s/step | epoch 9 | 17:21:29
step  11300 | loss=0.15772 w0=0.015 dev=0.476 | EVAL loss=0.09141 w0=0.013 dev=0.484 | 0.65s/step | epoch 9 | 17:21:35
step  11310 | loss=0.15773 w0=0.015 dev=0.476 | EVAL loss=0.09144 w0=0.014 dev=0.483 | 0.65s/step | epoch 9 | 17:21:42
step  11320 | loss=0.15774 w0=0.015 dev=0.476 | EVAL loss=0.09146 w0=0.013 dev=0.483 | 0.66s/step | epoch 9 | 17:21:49
step  11330 | loss=0.15773 w0=0.015 dev=0.476 | EVAL loss=0.09148 w0=0.011 dev=0.483 | 0.65s/step | epoch 9 | 17:21:55
step  11340 | loss=0.15772 w0=0.015 dev=0.476 | EVAL loss=0.09145 w0=0.011 dev=0.484 | 0.65s/step | epoch 9 | 17:22:02
step  11350 | loss=0.15770 w0=0.015 dev=0.476 | EVAL loss=0.09144 w0=0.010 dev=0.483 | 0.65s/step | epoch 9 | 17:22:08
step  11360 | loss=0.15772 w0=0.015 dev=0.476 | EVAL loss=0.09148 w0=0.010 dev=0.483 | 0.65s/step | epoch 9 | 17:22:14
step  11370 | loss=0.15770 w0=0.015 dev=0.476 | EVAL loss=0.09147 w0=0.012 dev=0.482 | 0.65s/step | epoch 9 | 17:22:21
step  11380 | loss=0.15771 w0=0.015 dev=0.476 | EVAL loss=0.09146 w0=0.013 dev=0.483 | 0.64s/step | epoch 9 | 17:22:27
step  11390 | loss=0.15771 w0=0.015 dev=0.476 | EVAL loss=0.09146 w0=0.013 dev=0.483 | 0.65s/step | epoch 9 | 17:22:34
step  11400 | loss=0.15771 w0=0.015 dev=0.476 | EVAL loss=0.09144 w0=0.013 dev=0.482 | 0.64s/step | epoch 9 | 17:22:40
step  11410 | loss=0.15769 w0=0.015 dev=0.476 | EVAL loss=0.09142 w0=0.011 dev=0.483 | 0.64s/step | epoch 9 | 17:22:47
step  11420 | loss=0.15769 w0=0.015 dev=0.476 | EVAL loss=0.09140 w0=0.010 dev=0.484 | 0.65s/step | epoch 9 | 17:22:53
step  11430 | loss=0.15768 w0=0.015 dev=0.477 | EVAL loss=0.09144 w0=0.008 dev=0.485 | 0.64s/step | epoch 9 | 17:23:00
step  11440 | loss=0.15768 w0=0.015 dev=0.477 | EVAL loss=0.09143 w0=0.007 dev=0.486 | 0.65s/step | epoch 9 | 17:23:06
step  11450 | loss=0.15765 w0=0.015 dev=0.477 | EVAL loss=0.09141 w0=0.008 dev=0.484 | 0.64s/step | epoch 9 | 17:23:12
step  11460 | loss=0.15763 w0=0.015 dev=0.477 | EVAL loss=0.09144 w0=0.009 dev=0.484 | 0.65s/step | epoch 9 | 17:23:19
step  11470 | loss=0.15764 w0=0.015 dev=0.477 | EVAL loss=0.09145 w0=0.009 dev=0.484 | 0.65s/step | epoch 9 | 17:23:25
step  11480 | loss=0.15761 w0=0.015 dev=0.477 | EVAL loss=0.09148 w0=0.008 dev=0.485 | 0.65s/step | epoch 9 | 17:23:32
step  11490 | loss=0.15760 w0=0.015 dev=0.477 | EVAL loss=0.09149 w0=0.008 dev=0.485 | 0.65s/step | epoch 9 | 17:23:38
step  11500 | loss=0.15760 w0=0.015 dev=0.477 | EVAL loss=0.09147 w0=0.009 dev=0.485 | 0.65s/step | epoch 9 | 17:23:45
  checkpoint saved at step 11500 -> /root/autodl-tmp/afa-assets/output/paper_run_group1_10k
step  11510 | loss=0.15758 w0=0.015 dev=0.477 | EVAL loss=0.09145 w0=0.008 dev=0.486 | 0.70s/step | epoch 9 | 17:23:52
step  11520 | loss=0.15756 w0=0.015 dev=0.477 | EVAL loss=0.09145 w0=0.008 dev=0.486 | 0.64s/step | epoch 9 | 17:23:58
step  11530 | loss=0.15756 w0=0.015 dev=0.477 | EVAL loss=0.09146 w0=0.009 dev=0.485 | 0.64s/step | epoch 9 | 17:24:05
step  11540 | loss=0.15752 w0=0.015 dev=0.477 | EVAL loss=0.09146 w0=0.008 dev=0.485 | 0.64s/step | epoch 9 | 17:24:11
step  11550 | loss=0.15749 w0=0.015 dev=0.477 | EVAL loss=0.09146 w0=0.008 dev=0.485 | 0.64s/step | epoch 9 | 17:24:18
step  11560 | loss=0.15750 w0=0.015 dev=0.477 | EVAL loss=0.09147 w0=0.007 dev=0.486 | 0.65s/step | epoch 9 | 17:24:24
step  11570 | loss=0.15749 w0=0.015 dev=0.477 | EVAL loss=0.09147 w0=0.008 dev=0.485 | 0.64s/step | epoch 9 | 17:24:30
step  11580 | loss=0.15748 w0=0.015 dev=0.477 | EVAL loss=0.09145 w0=0.009 dev=0.485 | 0.65s/step | epoch 9 | 17:24:37
step  11590 | loss=0.15747 w0=0.015 dev=0.477 | EVAL loss=0.09146 w0=0.010 dev=0.484 | 0.64s/step | epoch 9 | 17:24:43
step  11600 | loss=0.15747 w0=0.015 dev=0.477 | EVAL loss=0.09144 w0=0.013 dev=0.483 | 0.64s/step | epoch 9 | 17:24:50
step  11610 | loss=0.15747 w0=0.015 dev=0.477 | EVAL loss=0.09140 w0=0.012 dev=0.484 | 0.66s/step | epoch 9 | 17:24:56
step  11620 | loss=0.15744 w0=0.015 dev=0.477 | EVAL loss=0.09139 w0=0.011 dev=0.486 | 0.64s/step | epoch 9 | 17:25:03
step  11630 | loss=0.15745 w0=0.015 dev=0.477 | EVAL loss=0.09136 w0=0.010 dev=0.486 | 0.65s/step | epoch 9 | 17:25:09
step  11640 | loss=0.15745 w0=0.015 dev=0.477 | EVAL loss=0.09136 w0=0.012 dev=0.485 | 0.64s/step | epoch 9 | 17:25:16
step  11650 | loss=0.15745 w0=0.015 dev=0.477 | EVAL loss=0.09137 w0=0.012 dev=0.484 | 0.65s/step | epoch 9 | 17:25:22
step  11660 | loss=0.15746 w0=0.015 dev=0.477 | EVAL loss=0.09139 w0=0.011 dev=0.484 | 0.65s/step | epoch 9 | 17:25:29
step  11670 | loss=0.15746 w0=0.015 dev=0.477 | EVAL loss=0.09149 w0=0.008 dev=0.486 | 0.64s/step | epoch 9 | 17:25:35
step  11680 | loss=0.15744 w0=0.015 dev=0.477 | EVAL loss=0.09154 w0=0.008 dev=0.487 | 0.64s/step | epoch 9 | 17:25:41
step  11690 | loss=0.15744 w0=0.015 dev=0.477 | EVAL loss=0.09155 w0=0.009 dev=0.486 | 0.66s/step | epoch 9 | 17:25:48
step  11700 | loss=0.15744 w0=0.015 dev=0.477 | EVAL loss=0.09152 w0=0.010 dev=0.485 | 0.67s/step | epoch 9 | 17:25:55
step  11710 | loss=0.15741 w0=0.015 dev=0.477 | EVAL loss=0.09146 w0=0.011 dev=0.486 | 0.67s/step | epoch 9 | 17:26:01
step  11720 | loss=0.15740 w0=0.015 dev=0.477 | EVAL loss=0.09142 w0=0.011 dev=0.486 | 0.67s/step | epoch 9 | 17:26:08
step  11730 | loss=0.15741 w0=0.015 dev=0.477 | EVAL loss=0.09140 w0=0.011 dev=0.486 | 0.66s/step | epoch 9 | 17:26:15
step  11740 | loss=0.15740 w0=0.015 dev=0.477 | EVAL loss=0.09140 w0=0.012 dev=0.486 | 0.65s/step | epoch 9 | 17:26:21
step  11750 | loss=0.15740 w0=0.015 dev=0.477 | EVAL loss=0.09139 w0=0.012 dev=0.486 | 0.65s/step | epoch 9 | 17:26:28
step  11760 | loss=0.15740 w0=0.015 dev=0.477 | EVAL loss=0.09139 w0=0.012 dev=0.486 | 0.65s/step | epoch 9 | 17:26:34
step  11770 | loss=0.15740 w0=0.015 dev=0.477 | EVAL loss=0.09138 w0=0.013 dev=0.484 | 0.66s/step | epoch 9 | 17:26:41
step  11780 | loss=0.15739 w0=0.015 dev=0.477 | EVAL loss=0.09138 w0=0.013 dev=0.484 | 0.64s/step | epoch 9 | 17:26:47
step  11790 | loss=0.15739 w0=0.015 dev=0.477 | EVAL loss=0.09136 w0=0.011 dev=0.485 | 0.64s/step | epoch 9 | 17:26:54
step  11800 | loss=0.15739 w0=0.015 dev=0.477 | EVAL loss=0.09137 w0=0.011 dev=0.485 | 0.65s/step | epoch 9 | 17:27:00
step  11810 | loss=0.15740 w0=0.015 dev=0.477 | EVAL loss=0.09137 w0=0.012 dev=0.485 | 0.65s/step | epoch 9 | 17:27:07
step  11820 | loss=0.15735 w0=0.015 dev=0.477 | EVAL loss=0.09130 w0=0.012 dev=0.485 | 0.65s/step | epoch 9 | 17:27:13
step  11830 | loss=0.15736 w0=0.015 dev=0.477 | EVAL loss=0.09128 w0=0.013 dev=0.485 | 0.65s/step | epoch 9 | 17:27:19
step  11840 | loss=0.15734 w0=0.015 dev=0.477 | EVAL loss=0.09130 w0=0.013 dev=0.484 | 0.66s/step | epoch 9 | 17:27:26
step  11850 | loss=0.15735 w0=0.015 dev=0.477 | EVAL loss=0.09130 w0=0.013 dev=0.484 | 0.64s/step | epoch 9 | 17:27:32
step  11860 | loss=0.15736 w0=0.015 dev=0.477 | EVAL loss=0.09132 w0=0.012 dev=0.485 | 0.64s/step | epoch 9 | 17:27:39
step  11870 | loss=0.15736 w0=0.015 dev=0.477 | EVAL loss=0.09137 w0=0.011 dev=0.485 | 0.64s/step | epoch 9 | 17:27:45
step  11880 | loss=0.15740 w0=0.015 dev=0.477 | EVAL loss=0.09138 w0=0.012 dev=0.484 | 0.64s/step | epoch 9 | 17:27:52
step  11890 | loss=0.15740 w0=0.015 dev=0.477 | EVAL loss=0.09139 w0=0.014 dev=0.483 | 0.65s/step | epoch 9 | 17:27:58
step  11900 | loss=0.15740 w0=0.015 dev=0.477 | EVAL loss=0.09138 w0=0.014 dev=0.483 | 0.64s/step | epoch 9 | 17:28:05
step  11910 | loss=0.15743 w0=0.015 dev=0.477 | EVAL loss=0.09142 w0=0.013 dev=0.485 | 0.64s/step | epoch 9 | 17:28:11
step  11920 | loss=0.15745 w0=0.015 dev=0.477 | EVAL loss=0.09147 w0=0.012 dev=0.485 | 0.64s/step | epoch 9 | 17:28:18
step  11930 | loss=0.15746 w0=0.015 dev=0.477 | EVAL loss=0.09148 w0=0.012 dev=0.485 | 0.64s/step | epoch 9 | 17:28:24
step  11940 | loss=0.15750 w0=0.015 dev=0.477 | EVAL loss=0.09150 w0=0.013 dev=0.484 | 0.64s/step | epoch 9 | 17:28:30
step  11950 | loss=0.15751 w0=0.015 dev=0.477 | EVAL loss=0.09149 w0=0.016 dev=0.482 | 0.64s/step | epoch 9 | 17:28:37
step  11960 | loss=0.15751 w0=0.015 dev=0.477 | EVAL loss=0.09147 w0=0.012 dev=0.483 | 0.64s/step | epoch 9 | 17:28:43
step  11970 | loss=0.15749 w0=0.015 dev=0.477 | EVAL loss=0.09146 w0=0.012 dev=0.483 | 0.65s/step | epoch 9 | 17:28:50
step  11980 | loss=0.15750 w0=0.015 dev=0.477 | EVAL loss=0.09144 w0=0.012 dev=0.483 | 0.64s/step | epoch 9 | 17:28:56
step  11990 | loss=0.15750 w0=0.015 dev=0.477 | EVAL loss=0.09144 w0=0.012 dev=0.483 | 0.65s/step | epoch 9 | 17:29:03
step  12000 | loss=0.15752 w0=0.015 dev=0.477 | EVAL loss=0.09146 w0=0.012 dev=0.483 | 0.65s/step | epoch 9 | 17:29:09
  checkpoint saved at step 12000 -> /root/autodl-tmp/afa-assets/output/paper_run_group1_10k
step  12010 | loss=0.15750 w0=0.015 dev=0.477 | EVAL loss=0.09144 w0=0.011 dev=0.484 | 0.68s/step | epoch 9 | 17:29:16
step  12020 | loss=0.15749 w0=0.015 dev=0.477 | EVAL loss=0.09144 w0=0.010 dev=0.484 | 0.64s/step | epoch 9 | 17:29:22
step  12030 | loss=0.15749 w0=0.015 dev=0.477 | EVAL loss=0.09145 w0=0.010 dev=0.484 | 0.64s/step | epoch 9 | 17:29:29
step  12040 | loss=0.15746 w0=0.015 dev=0.477 | EVAL loss=0.09145 w0=0.010 dev=0.485 | 0.64s/step | epoch 9 | 17:29:35
step  12050 | loss=0.15743 w0=0.015 dev=0.477 | EVAL loss=0.09141 w0=0.011 dev=0.485 | 0.64s/step | epoch 9 | 17:29:42
step  12060 | loss=0.15742 w0=0.015 dev=0.477 | EVAL loss=0.09138 w0=0.014 dev=0.484 | 0.64s/step | epoch 9 | 17:29:48
step  12070 | loss=0.15741 w0=0.015 dev=0.477 | EVAL loss=0.09139 w0=0.016 dev=0.483 | 0.64s/step | epoch 9 | 17:29:55
step  12080 | loss=0.15743 w0=0.015 dev=0.477 | EVAL loss=0.09136 w0=0.014 dev=0.484 | 0.64s/step | epoch 9 | 17:30:01
step  12090 | loss=0.15741 w0=0.015 dev=0.477 | EVAL loss=0.09134 w0=0.013 dev=0.484 | 0.64s/step | epoch 9 | 17:30:07
step  12100 | loss=0.15744 w0=0.015 dev=0.477 | EVAL loss=0.09132 w0=0.011 dev=0.486 | 0.64s/step | epoch 9 | 17:30:14
step  12110 | loss=0.15741 w0=0.015 dev=0.477 | EVAL loss=0.09137 w0=0.010 dev=0.487 | 0.64s/step | epoch 9 | 17:30:20
step  12120 | loss=0.15739 w0=0.015 dev=0.477 | EVAL loss=0.09138 w0=0.010 dev=0.486 | 0.64s/step | epoch 9 | 17:30:27
step  12130 | loss=0.15739 w0=0.015 dev=0.477 | EVAL loss=0.09136 w0=0.010 dev=0.485 | 0.66s/step | epoch 9 | 17:30:33
step  12140 | loss=0.15741 w0=0.015 dev=0.477 | EVAL loss=0.09131 w0=0.011 dev=0.485 | 0.64s/step | epoch 9 | 17:30:40
step  12150 | loss=0.15740 w0=0.015 dev=0.477 | EVAL loss=0.09136 w0=0.011 dev=0.485 | 0.64s/step | epoch 9 | 17:30:46
step  12160 | loss=0.15740 w0=0.015 dev=0.477 | EVAL loss=0.09136 w0=0.012 dev=0.485 | 0.65s/step | epoch 9 | 17:30:53
step  12170 | loss=0.15740 w0=0.015 dev=0.477 | EVAL loss=0.09134 w0=0.011 dev=0.485 | 0.64s/step | epoch 9 | 17:30:59
step  12180 | loss=0.15741 w0=0.015 dev=0.477 | EVAL loss=0.09137 w0=0.010 dev=0.486 | 0.64s/step | epoch 9 | 17:31:06
step  12190 | loss=0.15740 w0=0.015 dev=0.477 | EVAL loss=0.09135 w0=0.010 dev=0.485 | 0.64s/step | epoch 9 | 17:31:12
step  12200 | loss=0.15740 w0=0.015 dev=0.477 | EVAL loss=0.09138 w0=0.010 dev=0.484 | 0.64s/step | epoch 9 | 17:31:18
step  12210 | loss=0.15743 w0=0.015 dev=0.477 | EVAL loss=0.09137 w0=0.009 dev=0.486 | 0.64s/step | epoch 9 | 17:31:25
step  12220 | loss=0.15742 w0=0.015 dev=0.477 | EVAL loss=0.09135 w0=0.008 dev=0.486 | 0.64s/step | epoch 9 | 17:31:31
step  12230 | loss=0.15742 w0=0.015 dev=0.477 | EVAL loss=0.09134 w0=0.009 dev=0.486 | 0.64s/step | epoch 9 | 17:31:38
step  12240 | loss=0.15742 w0=0.015 dev=0.477 | EVAL loss=0.09135 w0=0.009 dev=0.487 | 0.64s/step | epoch 9 | 17:31:44
step  12250 | loss=0.15742 w0=0.015 dev=0.477 | EVAL loss=0.09136 w0=0.009 dev=0.486 | 0.64s/step | epoch 9 | 17:31:51
step  12260 | loss=0.15742 w0=0.015 dev=0.477 | EVAL loss=0.09139 w0=0.009 dev=0.486 | 0.64s/step | epoch 9 | 17:31:57
step  12270 | loss=0.15740 w0=0.015 dev=0.477 | EVAL loss=0.09141 w0=0.010 dev=0.487 | 0.64s/step | epoch 9 | 17:32:04
step  12280 | loss=0.15739 w0=0.015 dev=0.477 | EVAL loss=0.09141 w0=0.010 dev=0.486 | 0.65s/step | epoch 9 | 17:32:10
step  12290 | loss=0.15741 w0=0.015 dev=0.477 | EVAL loss=0.09140 w0=0.010 dev=0.485 | 0.64s/step | epoch 9 | 17:32:16
step  12300 | loss=0.15740 w0=0.015 dev=0.477 | EVAL loss=0.09139 w0=0.012 dev=0.484 | 0.65s/step | epoch 9 | 17:32:23
step  12310 | loss=0.15739 w0=0.015 dev=0.477 | EVAL loss=0.09139 w0=0.014 dev=0.483 | 0.65s/step | epoch 9 | 17:32:29
step  12320 | loss=0.15739 w0=0.015 dev=0.477 | EVAL loss=0.09141 w0=0.013 dev=0.483 | 0.64s/step | epoch 9 | 17:32:36
step  12330 | loss=0.15737 w0=0.015 dev=0.477 | EVAL loss=0.09146 w0=0.013 dev=0.484 | 0.64s/step | epoch 9 | 17:32:42
step  12340 | loss=0.15736 w0=0.015 dev=0.477 | EVAL loss=0.09145 w0=0.013 dev=0.484 | 0.64s/step | epoch 9 | 17:32:49
step  12350 | loss=0.15739 w0=0.015 dev=0.477 | EVAL loss=0.09142 w0=0.012 dev=0.484 | 0.64s/step | epoch 9 | 17:32:55
step  12360 | loss=0.15740 w0=0.015 dev=0.477 | EVAL loss=0.09138 w0=0.011 dev=0.485 | 0.64s/step | epoch 9 | 17:33:02
step  12370 | loss=0.15741 w0=0.015 dev=0.477 | EVAL loss=0.09133 w0=0.012 dev=0.484 | 0.64s/step | epoch 9 | 17:33:08
step  12380 | loss=0.15743 w0=0.015 dev=0.477 | EVAL loss=0.09132 w0=0.013 dev=0.484 | 0.64s/step | epoch 9 | 17:33:14
step  12390 | loss=0.15743 w0=0.015 dev=0.477 | EVAL loss=0.09135 w0=0.015 dev=0.482 | 0.65s/step | epoch 9 | 17:33:21
step  12400 | loss=0.15740 w0=0.015 dev=0.477 | EVAL loss=0.09137 w0=0.016 dev=0.482 | 0.64s/step | epoch 9 | 17:33:27
step  12410 | loss=0.15743 w0=0.015 dev=0.477 | EVAL loss=0.09138 w0=0.014 dev=0.484 | 0.64s/step | epoch 9 | 17:33:34
step  12420 | loss=0.15744 w0=0.015 dev=0.477 | EVAL loss=0.09137 w0=0.013 dev=0.484 | 0.64s/step | epoch 9 | 17:33:40
step  12430 | loss=0.15745 w0=0.015 dev=0.477 | EVAL loss=0.09138 w0=0.013 dev=0.484 | 0.64s/step | epoch 9 | 17:33:47
step  12440 | loss=0.15744 w0=0.015 dev=0.477 | EVAL loss=0.09140 w0=0.013 dev=0.484 | 0.64s/step | epoch 9 | 17:33:53
step  12450 | loss=0.15745 w0=0.015 dev=0.477 | EVAL loss=0.09139 w0=0.012 dev=0.485 | 0.65s/step | epoch 9 | 17:34:00
step  12460 | loss=0.15744 w0=0.015 dev=0.477 | EVAL loss=0.09140 w0=0.013 dev=0.486 | 0.65s/step | epoch 9 | 17:34:06
step  12470 | loss=0.15745 w0=0.015 dev=0.477 | EVAL loss=0.09137 w0=0.013 dev=0.485 | 0.65s/step | epoch 9 | 17:34:13
step  12480 | loss=0.15744 w0=0.015 dev=0.477 | EVAL loss=0.09136 w0=0.013 dev=0.484 | 0.65s/step | epoch 9 | 17:34:19
step  12490 | loss=0.15745 w0=0.015 dev=0.477 | EVAL loss=0.09135 w0=0.014 dev=0.484 | 0.64s/step | epoch 9 | 17:34:25
step  12500 | loss=0.15747 w0=0.015 dev=0.477 | EVAL loss=0.09140 w0=0.014 dev=0.484 | 0.64s/step | epoch 9 | 17:34:32
  checkpoint saved at step 12500 -> /root/autodl-tmp/afa-assets/output/paper_run_group1_10k
done 2026-09-23 17:34:33 at step 12500 (epoch 9)
